<?xml version="1.0" encoding="UTF-8"?>
<krpano>


  <data name="ru_project_title"><![CDATA[Project]]></data>


  <data name="ru_panogroup98_title"><![CDATA[1 этаж]]></data>

  <data name="ru_pano89_title"><![CDATA[Вход в общежитие]]></data>
  <data name="ru_spotpolygon167_tooltip"><![CDATA[Холл]]></data>
  <data name="ru_spotpolygon168_tooltip"><![CDATA[Тренажерный зал]]></data>
  <data name="ru_spotpolygon169_tooltip"><![CDATA[Лестница справа]]></data>
  <data name="ru_pano97_title"><![CDATA[Холл]]></data>
  <data name="ru_spotpolygon176_tooltip"><![CDATA[Компьютерный класс]]></data>
  <data name="ru_spotpolygon177_tooltip"><![CDATA[Вход в общежитие]]></data>
  <data name="ru_spotpolygon178_tooltip"><![CDATA[Лестница слева]]></data>
  <data name="ru_pano95_title"><![CDATA[Тренажерный зал]]></data>
  <data name="ru_spotpolygon175_tooltip"><![CDATA[Вход в общежитие]]></data>
  <data name="ru_pano92_title"><![CDATA[Лестница справа]]></data>
  <data name="ru_spotpolygon180_tooltip"><![CDATA[Правое крыло]]></data>
  <data name="ru_spotpolygon181_tooltip"><![CDATA[Вход в общежитие]]></data>
  <data name="ru_pano93_title"><![CDATA[Правое крыло]]></data>
  <data name="ru_spotpolygon182_tooltip"><![CDATA[Кабинет фельдшера]]></data>
  <data name="ru_spotpolygon183_tooltip"><![CDATA[Вход в общежитие]]></data>
  <data name="ru_pano96_title"><![CDATA[Кабинет фельдшера]]></data>
  <data name="ru_spotpolygon185_tooltip"><![CDATA[Правое крыло]]></data>
  <data name="ru_pano90_title"><![CDATA[Компьютерный класс]]></data>
  <data name="ru_spotpolygon179_tooltip"><![CDATA[Холл]]></data>
  <data name="ru_pano91_title"><![CDATA[Лестница слева]]></data>
  <data name="ru_spotpolygon186_tooltip"><![CDATA[Холл]]></data>
  <data name="ru_spotpolygon187_tooltip"><![CDATA[Левое крыло]]></data>
  <data name="ru_pano94_title"><![CDATA[Левое крыло]]></data>
  <data name="ru_spotpolygon184_tooltip"><![CDATA[Холл]]></data>

  <data name="ru_panogroup112_title"><![CDATA[2 этаж]]></data>

  <data name="ru_pano109_title"><![CDATA[Лестница]]></data>
  <data name="ru_spotpolygon190_tooltip"><![CDATA[Правое крыло]]></data>
  <data name="ru_spotpolygon191_tooltip"><![CDATA[Кухня]]></data>
  <data name="ru_spotpolygon192_tooltip"><![CDATA[Холл]]></data>
  <data name="ru_pano107_title"><![CDATA[Правое крыло]]></data>
  <data name="ru_spotpolygon193_tooltip"><![CDATA[Умывальники]]></data>
  <data name="ru_spotpolygon194_tooltip"><![CDATA[Лестница]]></data>
  <data name="ru_pano108_title"><![CDATA[Кухня]]></data>
  <data name="ru_spotpolygon195_tooltip"><![CDATA[Лестница]]></data>
  <data name="ru_pano110_title"><![CDATA[Умывальники]]></data>
  <data name="ru_spotpolygon196_tooltip"><![CDATA[Правое крыло]]></data>
  <data name="ru_pano111_title"><![CDATA[Холл]]></data>
  <data name="ru_spotpolygon197_tooltip"><![CDATA[Лестница]]></data>

  <data name="ru_panogroup122_title"><![CDATA[3 этаж]]></data>

  <data name="ru_pano119_title"><![CDATA[Лестница]]></data>
  <data name="ru_spotpolygon198_tooltip"><![CDATA[Холл]]></data>
  <data name="ru_spotpolygon199_tooltip"><![CDATA[Кухня]]></data>
  <data name="ru_spotpolygon200_tooltip"><![CDATA[Правое крыло]]></data>
  <data name="ru_pano118_title"><![CDATA[Кухня]]></data>
  <data name="ru_pano117_title"><![CDATA[Правое крыло]]></data>
  <data name="ru_spotpolygon201_tooltip"><![CDATA[Умывальники]]></data>
  <data name="ru_spotpolygon202_tooltip"><![CDATA[Лестница]]></data>
  <data name="ru_pano120_title"><![CDATA[Умывальники]]></data>
  <data name="ru_spotpolygon309_tooltip"><![CDATA[Правое крыло]]></data>
  <data name="ru_pano121_title"><![CDATA[Холл]]></data>
  <data name="ru_spotpolygon310_tooltip"><![CDATA[Лестница]]></data>

  <data name="ru_panogroup138_title"><![CDATA[4 этаж]]></data>

  <data name="ru_pano133_title"><![CDATA[Лестница справа]]></data>
  <data name="ru_spotpolygon311_tooltip"><![CDATA[Кухня с правой стороны]]></data>
  <data name="ru_spotpolygon312_tooltip"><![CDATA[Коридор]]></data>
  <data name="ru_spotpolygon313_tooltip"><![CDATA[Правое крыло]]></data>
  <data name="ru_pano131_title"><![CDATA[Кухня с правой стороны]]></data>
  <data name="ru_spotpolygon325_tooltip"><![CDATA[Лестница справа]]></data>
  <data name="ru_pano128_title"><![CDATA[Правое крыло]]></data>
  <data name="ru_spotpolygon317_tooltip"><![CDATA[Умывальники]]></data>
  <data name="ru_spotpolygon318_tooltip"><![CDATA[Сушилка]]></data>
  <data name="ru_spotpolygon319_tooltip"><![CDATA[Лестница справа]]></data>
  <data name="ru_pano135_title"><![CDATA[Умывальники]]></data>
  <data name="ru_spotpolygon326_tooltip"><![CDATA[Правое крыло]]></data>
  <data name="ru_pano315_title"><![CDATA[Сушилка]]></data>
  <data name="ru_spotpolygon327_tooltip"><![CDATA[Правое крыло]]></data>
  <data name="ru_pano129_title"><![CDATA[Коридор]]></data>
  <data name="ru_spotpolygon320_tooltip"><![CDATA[Холл]]></data>
  <data name="ru_spotpolygon321_tooltip"><![CDATA[Комната хранения продуктов]]></data>
  <data name="ru_spotpolygon322_tooltip"><![CDATA[Лестница справа]]></data>
  <data name="ru_pano137_title"><![CDATA[Комната хранения продуктов]]></data>
  <data name="ru_spotpolygon328_tooltip"><![CDATA[Коридор]]></data>
  <data name="ru_pano136_title"><![CDATA[Холл]]></data>
  <data name="ru_spotpolygon329_tooltip"><![CDATA[Коридор]]></data>
  <data name="ru_spotpolygon330_tooltip"><![CDATA[Воспитательская]]></data>
  <data name="ru_spotpolygon331_tooltip"><![CDATA[Лестница слева]]></data>
  <data name="ru_pano127_title"><![CDATA[Воспитательская]]></data>
  <data name="ru_spotpolygon314_tooltip"><![CDATA[Холл]]></data>
  <data name="ru_pano132_title"><![CDATA[Лестница слева]]></data>
  <data name="ru_spotpolygon332_tooltip"><![CDATA[Холл]]></data>
  <data name="ru_spotpolygon333_tooltip"><![CDATA[Кухня с левой стороны]]></data>
  <data name="ru_pano130_title"><![CDATA[Кухня с левой стороны]]></data>
  <data name="ru_spotpolygon323_tooltip"><![CDATA[Лестница слева]]></data>

  <data name="ru_panogroup157_title"><![CDATA[5 этаж]]></data>

  <data name="ru_pano152_title"><![CDATA[Лестница справа]]></data>
  <data name="ru_spotpolygon334_tooltip"><![CDATA[Кухня с правой стороны]]></data>
  <data name="ru_spotpolygon335_tooltip"><![CDATA[Правое крыло]]></data>
  <data name="ru_spotpolygon336_tooltip"><![CDATA[Холл]]></data>
  <data name="ru_pano156_title"><![CDATA[Холл]]></data>
  <data name="ru_spotpolygon338_tooltip"><![CDATA[Лестница слева]]></data>
  <data name="ru_spotpolygon339_tooltip"><![CDATA[Лестница справа]]></data>
  <data name="ru_pano151_title"><![CDATA[Кухня с правой стороны]]></data>
  <data name="ru_spotpolygon340_tooltip"><![CDATA[Лестница справа]]></data>
  <data name="ru_pano149_title"><![CDATA[Правое крыло]]></data>
  <data name="ru_spotpolygon341_tooltip"><![CDATA[Умывальники]]></data>
  <data name="ru_spotpolygon342_tooltip"><![CDATA[Сушилка]]></data>
  <data name="ru_spotpolygon343_tooltip"><![CDATA[Лестница справа]]></data>
  <data name="ru_pano155_title"><![CDATA[Умывальники]]></data>
  <data name="ru_spotpolygon344_tooltip"><![CDATA[Правое крыло]]></data>
  <data name="ru_pano154_title"><![CDATA[Сушилка]]></data>
  <data name="ru_spotpolygon345_tooltip"><![CDATA[Правое крыло]]></data>
  <data name="ru_pano153_title"><![CDATA[Лестница слева]]></data>
  <data name="ru_spotpolygon346_tooltip"><![CDATA[Кухня с левой стороны]]></data>
  <data name="ru_spotpolygon347_tooltip"><![CDATA[Холл]]></data>
  <data name="ru_pano150_title"><![CDATA[Кухня с левой стороны]]></data>
  <data name="ru_spotpolygon425_tooltip"><![CDATA[Лестница слева]]></data>




	<data name="ru_project_floor_title"><![CDATA[Project]]></data>
	<data name="ru_spotmap189_tooltip"><![CDATA[Тренажерный зал]]></data>
	<data name="ru_spotmap427_tooltip"><![CDATA[Холл]]></data>
	<data name="ru_spotmap428_tooltip"><![CDATA[Лестница справа]]></data>
	<data name="ru_spotmap429_tooltip"><![CDATA[Правое крыло]]></data>
	<data name="ru_spotmap430_tooltip"><![CDATA[Кабинет фельдшера]]></data>
	<data name="ru_spotmap431_tooltip"><![CDATA[Лестница слева]]></data>
	<data name="ru_spotmap432_tooltip"><![CDATA[Левое крыло]]></data>
	<data name="ru_spotmap433_tooltip"><![CDATA[Компьютерный класс]]></data>
	<data name="ru_spotmap434_tooltip"><![CDATA[Вход в общежитие]]></data>
	<data name="ru_spotmap435_tooltip"><![CDATA[Правое крыло]]></data>
	<data name="ru_spotmap437_tooltip"><![CDATA[Кухня]]></data>
	<data name="ru_spotmap438_tooltip"><![CDATA[Холл]]></data>
	<data name="ru_spotmap439_tooltip"><![CDATA[Умывальники]]></data>
	<data name="ru_spotmap441_tooltip"><![CDATA[Лестница]]></data>
	<data name="ru_spotmap442_tooltip"><![CDATA[Правое крыло]]></data>
	<data name="ru_spotmap443_tooltip"><![CDATA[Лестница]]></data>
	<data name="ru_spotmap444_tooltip"><![CDATA[Кухня]]></data>
	<data name="ru_spotmap445_tooltip"><![CDATA[Холл]]></data>
	<data name="ru_spotmap446_tooltip"><![CDATA[Умывальники]]></data>
	<data name="ru_spotmap448_tooltip"><![CDATA[Лестница слева]]></data>
	<data name="ru_spotmap449_tooltip"><![CDATA[Кухня с левой стороны]]></data>
	<data name="ru_spotmap450_tooltip"><![CDATA[Холл]]></data>
	<data name="ru_spotmap451_tooltip"><![CDATA[Воспитательская]]></data>
	<data name="ru_spotmap452_tooltip"><![CDATA[Комната хранения продуктов]]></data>
	<data name="ru_spotmap453_tooltip"><![CDATA[Коридор]]></data>
	<data name="ru_spotmap454_tooltip"><![CDATA[Лестница справа]]></data>
	<data name="ru_spotmap455_tooltip"><![CDATA[Кухня с правой стороны]]></data>
	<data name="ru_spotmap456_tooltip"><![CDATA[Правое крыло]]></data>
	<data name="ru_spotmap457_tooltip"><![CDATA[Умывальники]]></data>
	<data name="ru_spotmap458_tooltip"><![CDATA[Сушилка]]></data>
	<data name="ru_spotmap489_tooltip"><![CDATA[Правое крыло]]></data>
	<data name="ru_spotmap490_tooltip"><![CDATA[Умывальники]]></data>
	<data name="ru_spotmap491_tooltip"><![CDATA[Сушилка]]></data>
	<data name="ru_spotmap492_tooltip"><![CDATA[Лестница справа]]></data>
	<data name="ru_spotmap493_tooltip"><![CDATA[Кухня с правой стороны]]></data>
	<data name="ru_spotmap496_tooltip"><![CDATA[Холл]]></data>
	<data name="ru_spotmap497_tooltip"><![CDATA[Лестница слева]]></data>
	<data name="ru_spotmap500_tooltip"><![CDATA[Кухня с левой стороны]]></data>


  <data name="ru_contextmenuopenFsLabel"><![CDATA[Enter Fullscreen]]></data>
  <data name="ru_contextmenucloseFsLabel"><![CDATA[Exit Fullscreen]]></data>
  <data name="ru_contextmenunormallabel"><![CDATA[Normal View]]></data>
  <data name="ru_contextmenuarchitecturallabel"><![CDATA[Architectural View]]></data>
  <data name="ru_contextmenulittleplanetlabel"><![CDATA[Little Planet View]]></data>
  <data name="ru_socialShareclose_text"><![CDATA[Close]]></data>


  <data name="ru_vr_setup_hmd0"><![CDATA[SELECT YOUR HMD]]></data>
  <data name="ru_vr_setup_advanced"><![CDATA[ADVANCED SETTINGS]]></data>
  <data name="ru_vr_setup_title"><![CDATA[WEB VR SETTINGS]]></data>
  <data name="ru_vr_setup_dvn1"><![CDATA[Device:]]></data>
  <data name="ru_vr_setup_siz1"><![CDATA[Screen size:]]></data>
  <data name="ru_vr_setup_ipd1"><![CDATA[IPD:]]></data>
  <data name="ru_vr_setup_hmd1"><![CDATA[HMD:]]></data>
  <data name="ru_vr_setup_hmd3"><![CDATA[Customize]]></data>
  <data name="ru_vr_setup_cal"><![CDATA[Calibrate gyroscope]]></data>
  <data name="ru_vr_setup_sav"><![CDATA[SAVE]]></data>
  <data name="ru_vr_setup_rst"><![CDATA[RESET]]></data>
  <data name="ru_vr_setup_simple"><![CDATA[SIMPLE]]></data>
  <data name="ru_vr_setup_cls"><![CDATA[CLOSE]]></data>
  <data name="ru_vr_setup_m31"><![CDATA[HMD SETTINGS]]></data>
  <data name="ru_vr_setup_fov1"><![CDATA[FOV:]]></data>
  <data name="ru_vr_setup_dst1"><![CDATA[Distortion:]]></data>
  <data name="ru_vr_setup_d2tx"><![CDATA[Distortion 2:]]></data>
  <data name="ru_vr_setup_vig1"><![CDATA[Vignette:]]></data>
  <data name="ru_vr_setup_cac1"><![CDATA[Chromatic aberration:]]></data>
  <data name="ru_vr_setup_olp1"><![CDATA[Overlap:]]></data>
  <data name="ru_vr_setup_m35"><![CDATA[RETURN]]></data>
  <data name="ru_vr_setup_cb1"><![CDATA[GYROSCOPE]]></data>
  <data name="ru_vr_setup_cb2"><![CDATA[Place the device on a flat and[br]stable surface and tab CALIBRATE[br]to correct a gyroscope drifting.]]></data>
  <data name="ru_vr_setup_cb3"><![CDATA[CALIBRATE]]></data>
  <data name="ru_vr_setup_cb4"><![CDATA[RESET]]></data>
  <data name="ru_vr_setup_cb5"><![CDATA[RETURN]]></data>
  <data name="ru_vr_setup_cb6"><![CDATA[Calibrating...]]></data>
  <data name="ru_vr_setup_cb7"><![CDATA[Successful calibration]]></data>
  <data name="ru_vr_setup_cb8"><![CDATA[Calibration failed]]></data>
  <data name="ru_vr_setup_unavailable"><![CDATA[VR mode[br]is unavailable on your device]]></data>



















































</krpano>