<?xml version="1.0" encoding="UTF-8"?>
<krpano version="1.19"
        onstart="startup"
        logkey="false"
        bgcolor="#ffffff"
        projectfloorplanurl="%FIRSTXML%/floorplan/photo_2025-03-13_23-19-24.jpg"
        projecttitleid="project_title"
        projectdescriptionid="">


  <security cors="">
    <!--
    <crossdomainxml url="http://RESSOURCES_URL/crossdomain.xml" />
    -->
    <allowdomain domain="*" />
  </security>

  <krpano tour_firststartactiondone="false" />
  <events name="startbehavioursevents" onxmlcomplete="startbehavioursxmlcompleteaction();" keep="true"/>

  <include url="%FIRSTXML%/Virtual_tour_of_the_dormitory_skin_vr.xml"/>
  <include url="%FIRSTXML%/Virtual_tour_of_the_dormitory_core_vr.xml"/>
  <include url="%FIRSTXML%/Virtual_tour_of_the_dormitory_messages_ru.xml"/>

  <action name="startup">

    if (s !== null, if (startscene === null, set(startscene, get(s));); );
    if (startscene === null,
      set(startscene, pano89);
    );
    mainloadsceneStartup(get(startscene));
    if (h !== null,
      if (v !== null,
        if (f !== null,
          lookat(get(h), get(v), get(f));
         ,
          lookat(get(h), get(v));
        );
      ,
        if (f !== null,
          lookat(get(h), get(view.vlookat), get(f));
         ,
          lookat(get(h), get(view.vlookat));
        );
      );
    ,
      if (v !== null,
        if (f !== null,
          lookat(get(view.hlookat), get(v), get(f));
         ,
          lookat(get(view.hlookat), get(v));
        );
      ,
        if (f !== null,
          lookat(get(view.hlookat), get(view.vlookat), get(f));
        );
      );
    );
  </action>

  <panoramagroup name="panogroup98"
                 mainscene="pano89"
                 color="808080"
                 alpha="1"
                 thumburl="%FIRSTXML%/pano_89/thumbnail.jpg"
                 floorplanurl=""
                 titleid="panogroup98_title"
                 descriptionid=""/>
  <panoramagroup name="panogroup112"
                 mainscene="pano109"
                 color="808080"
                 alpha="1"
                 thumburl="%FIRSTXML%/pano_109/thumbnail.jpg"
                 floorplanurl=""
                 titleid="panogroup112_title"
                 descriptionid=""/>
  <panoramagroup name="panogroup122"
                 mainscene="pano119"
                 color="808080"
                 alpha="1"
                 thumburl="%FIRSTXML%/pano_119/thumbnail.jpg"
                 floorplanurl=""
                 titleid="panogroup122_title"
                 descriptionid=""/>
  <panoramagroup name="panogroup138"
                 mainscene="pano133"
                 color="808080"
                 alpha="1"
                 thumburl="%FIRSTXML%/pano_133/thumbnail.jpg"
                 floorplanurl=""
                 titleid="panogroup138_title"
                 descriptionid=""/>
  <panoramagroup name="panogroup157"
                 mainscene="pano152"
                 color="808080"
                 alpha="1"
                 thumburl="%FIRSTXML%/pano_152/thumbnail.jpg"
                 floorplanurl=""
                 titleid="panogroup157_title"
                 descriptionid=""/>

  
  













































  
  

























  
  

























  
  























































  
  








































  <krpano nofullspherepanoavailable="true" />


  <events name="eventKrpanoLoadedEvts" onxmlcomplete="eventKrpanoLoadedAction();" keep="true" />
  <action name="eventKrpanoLoadedAction">
    
    set(events[eventKrpanoLoadedEvts].name, null);
    js(eventKrpanoLoaded('webvr'));
  </action>

</krpano>

