<?xml version="1.0" encoding="UTF-8"?>
<krpano version="1.19">

  


  
  <style name="PolygonDefaultPolygonSpotStyle"
           visible="false"
           bordercolor="0xffffff"
           fillcolor="0xffffff"
           borderwidth="0"
           borderalpha="1"
           fillalpha="0.40000000000000002"
           capture="false"
           onhover="onhoverPolygonDefaultPolygonSpotStyle"
           onover="onoverPolygonDefaultPolygonSpotStyle"
           onout="onoutPolygonDefaultPolygonSpotStyle"
           />
  <action name="onhoverPolygonDefaultPolygonSpotStyle">
    showTooltip('hotspot');
  </action>

  <action name="onoverPolygonDefaultPolygonSpotStyle">
    set(borderwidth, 0);
  </action>

  <action name="onoutPolygonDefaultPolygonSpotStyle">

    set(borderwidth, 0);
    hideTooltip();
  </action>




  <plugin name="doubleclick" url.flash="%FIRSTXML%/graphics/doubleclick/fieldofview_dc.swf" url.html5="%FIRSTXML%/graphics/doubleclick/dctouch.min.js" keep="true" ondblclick="doubleclick_ondoubleclick();"/>
  <action name="doubleclick_ondoubleclick">switchFullscreen();


  </action>

  <contextmenu fullscreen="false" versioninfo="false" touch="true">
    <item name="normal"        onclick="setViewNormal();
" separator="true"/>
    <item name="architectural" onclick="setViewArchitectural();
"/>
    <item name="littleplanet"  onclick="setViewLittlePlanet();
"/>
    <item name="fullscreenentry" onclick="enterFullscreen();
" separator="true"/>
  </contextmenu>

  <events name="contextmenuevents" keep="true" 
    onenterfullscreen="updateContextMenu" onexitfullscreen="updateContextMenu" 
    onxmlcomplete="updateContextMenu" 
    changetourlanguage="updateContextMenu" 
    />
  <events name="contextmenuvrevents" keep="true" 
    onvravailable="updateContextMenu();" onvrunavailable="updateContextMenu();"
    devices="html5"
    />
  <action name="updateContextMenu">
    getmessage(contextmenu.item[normal].caption, contextmenunormallabel);
    getmessage(contextmenu.item[architectural].caption, contextmenuarchitecturallabel);
    set(sceneisfull360, false);
    if(scene[get(xml.scene)].full360,
      sub(viewhfov, panoview.hmax, panoview.hmin);
      if (viewhfov == 360,
        sub(viewvfov, panoview.vmax, panoview.vmin);
        if (viewvfov == 180,
          set(sceneisfull360, true);
        );
      );
    );
    if (sceneisfull360 AND (device.webgl OR device.flash),
      set(contextmenu.item[littleplanet].visible, true);
      getmessage(contextmenu.item[littleplanet].caption, contextmenulittleplanetlabel);
    ,
      set(contextmenu.item[littleplanet].visible, false);
    );
    if (device.fullscreensupport,
      if(tour_fullscreen,
        getmessage(contextmenu.item[fullscreenentry].caption, contextmenucloseFsLabel);
        set(contextmenu.item[fullscreenentry].onclick, exitFullscreen();
);
       ,
        getmessage(contextmenu.item[fullscreenentry].caption, contextmenuopenFsLabel);
        set(contextmenu.item[fullscreenentry].onclick, enterFullscreen();
);
      );
     ,
      set(contextmenu.item[fullscreenentry].visible, false);
    );
  </action>




<plugin name="gyroscope"
        url="%FIRSTXML%/graphics/gyro2.js"
        keep="true"
        devices="no-desktop.and.html5"

        onunavailable="checkGyroUnavailable();"
        sensor_mode="1"
        friction="auto"
        autocalibration="true"
        touch_mode="full"
        onavailable="delayedcall(1, checkGyroAvailability(););"
        enabled="false"
        activated="false"
        />

<events name="gyroscopeEvents" onnewpano="planarGyroscopeTest();" keep="true" />

<action name="planarGyroscopeTest">
  if(plugin[gyroscope],
          if(scene[get(xml.scene)].full360,
            set(sceneisfull360, false);
            sub(viewhfov, panoview.hmax, panoview.hmin);
            if (viewhfov == 360,
              sub(viewvfov, panoview.vmax, panoview.vmin);
              if (viewvfov == 180,
                set(sceneisfull360, true);
              );
            );
            if (sceneisfull360,
              set(plugin[gyroscope].camroll, true);
            ,
              set(plugin[gyroscope].camroll, false);
            );
          ,
            set(plugin[gyroscope].camroll, false);
          );
  );
</action>

<action name="changeGyroscopeState">
  if(plugin[gyroscope],
    if (plugin[gyroscope].isavailable,
        if(%1,
          set(plugin[gyroscope].activated,true);
        ,
          set(plugin[gyroscope].activated,false);
        );
        if (%1 != plugin[gyroscope].enabled,
          if(plugin[gyroscope].activated,
            switch(plugin[gyroscope].enabled);
          ,
            set(plugin[gyroscope].enabled, false);
          );
          if (plugin[gyroscope].enabled, events.dispatch(ongyroscopeon);, events.dispatch(ongyroscopeoff););
        );
    );
  );
</action>

<action name="checkGyroAvailability">
  if(plugin[gyroscope],
    if (plugin[gyroscope].isavailable,
      ifnot(tour_firstlittleplanet,
        
        switch(plugin[gyroscope].enabled);
        set(plugin[gyroscope].activated,true);
        
        set(tour_gyroscopedevices, true);
        events.dispatch(ongyroscopeavailable);
      ,
        delayedcall(1, checkGyroAvailability(););
      );
    ,
      set(tour_gyroscopedevices, false);
    );
    if (plugin[gyroscope].enabled, events.dispatch(ongyroscopeon);, events.dispatch(ongyroscopeoff););
  ,
    checkGyroUnavailable();
  );
</action>

<action name="checkGyroUnavailable">
  set(plugin[gyroscope].activated, false);
  set(plugin[gyroscope].enabled, false);
  set(tour_gyroscopedevices, false);
  events.dispatch(ongyroscopeunavailable);
</action>


  <krpano controlBar_ibarbuilt="false" controlBar_ibackgroundwidthwhenclosed="0" controlBar_ibackgroundwidthwhenopened="0" controlBar_iIsOpened="false" />
  <events name="controlBar_ievents" 
    onxmlcomplete="controlBar_ibuildMenuBar();" 


    keep="true" />



  <action name="controlBar_ibuildMenuBar">
    ifnot (controlBar_ibarbuilt, controlBar_ibuildMenu(); set(controlBar_ibarbuilt, true););
  </action>

  <style name="controlBar_i_btn_style"
         keep="true"
         edge="right"
         align="right"
         x="0" y="0"
         width="40" height="40"
         crop="0|0|60|60"
         onovercrop="0|60|60|60"
         ondowncrop="0|120|60|60"
         />
  <style name="controlBar_i_btn_style_off"
         keep="true"
         edge="right"
         align="right"
         x="0" y="0"
         width="40" height="40"
         />

  <layer name="controlBar_i_menu_bg"
         keep="true"
         type="container"
         zorder="4"
         width="40"
         height="40"
         align="bottom"
         x="10" y="10"
         maskchildren="true"
         rotate="0"
         visible="false"
         >

    <layer name="controlBar_ibtn_gyroscope_off"
            url="%FIRSTXML%/graphics/icontrolbar/btn_gyroscope.png"
            style="controlBar_i_btn_style"
            onclick="disableGyroscope();
"
            devices="html5"
            visible="false"
            />
    <layer name="controlBar_ibtn_gyroscope_on"
            url="%FIRSTXML%/graphics/icontrolbar/btn_gyroscope.png"
            style="controlBar_i_btn_style"
            onclick="enableGyroscope();
"
            devices="html5"
            visible="false"
            />
    <layer name="controlBar_ibtn_gyroscope_not"
            url="%FIRSTXML%/graphics/icontrolbar/btn_gyroscope_off.png"
            style="controlBar_i_btn_style_off"
            enabled="true"
            capture="false"
            devices="html5"
            visible="false"
            />


    <layer name="controlBar_ibtn_ctrlmode_move_to"
            url="%FIRSTXML%/graphics/icontrolbar/btn_move_to.png"
            style="controlBar_i_btn_style"
            onclick="setControlModeMoveTo();
"
            visible="false"
            devices="desktop"
            />
    <layer name="controlBar_ibtn_ctrlmode_drag_to"
            url="%FIRSTXML%/graphics/icontrolbar/btn_drag_to.png"
            style="controlBar_i_btn_style"
            onclick="setControlModeDragTo();
"
            visible="false"
            devices="desktop"
            />

    <layer name="controlBar_ibtn_in"
            url="%FIRSTXML%/graphics/icontrolbar/btn_zoom_in.png"
            ondown="viewControlZoomIn(false);"
            onup="viewControlZoomStop();
"
            style="controlBar_i_btn_style"
            visible="false"
            devices="desktop"
            />
    <layer name="controlBar_ibtn_out"
            url="%FIRSTXML%/graphics/icontrolbar/btn_zoom_out.png"
            ondown="viewControlZoomOut(false);
"
            onup="viewControlZoomStop();
"
            style="controlBar_i_btn_style"
            visible="false"
            devices="desktop"
            />

    <layer name="controlBar_ibtn_left"
            url="%FIRSTXML%/graphics/icontrolbar/btn_move_left.png"
            ondown="viewControlMoveLeft(false);
"
            onup="viewControlMoveHoriStop();
"
            style="controlBar_i_btn_style"
            visible="false"
            devices="desktop"
            />
    <layer name="controlBar_ibtn_right"
            url="%FIRSTXML%/graphics/icontrolbar/btn_move_right.png"
            ondown="viewControlMoveRight(false);
"
            onup="viewControlMoveHoriStop();
"
            style="controlBar_i_btn_style"
            visible="false"
            devices="desktop"
            />



    <layer name="controlBar_ibtn_prev_pano"
            url="%FIRSTXML%/graphics/icontrolbar/btn_previous_scene.png"
            onclick="loadPreviousScene();
"
            style="controlBar_i_btn_style"
            visible="false"
            />
    <layer name="controlBar_ibtn_next_pano"
            url="%FIRSTXML%/graphics/icontrolbar/btn_next_scene.png"
            onclick="loadNextScene();
"
            style="controlBar_i_btn_style"
            visible="false"
            />


    <layer name="controlBar_ibtn_display_floorplan"
            url="%FIRSTXML%/graphics/icontrolbar/btn_floorplan.png"
            onclick="showFloorplan();
"
            style="controlBar_i_btn_style"
            visible="false"
            />
    <layer name="controlBar_ibtn_hide_floorplan"
            url="%FIRSTXML%/graphics/icontrolbar/btn_floorplan.png"
            onclick="hideFloorplan();
"
            style="controlBar_i_btn_style"
            visible="false"
            />


    <layer name="controlBar_ibtn_openfs"
            url="%FIRSTXML%/graphics/icontrolbar/btn_enter_fs.png"
            onclick="enterFullscreen();
"
            style="controlBar_i_btn_style"
            visible="false"
            devices="fullscreensupport"
            />
    <layer name="controlBar_ibtn_closefs"
            url="%FIRSTXML%/graphics/icontrolbar/btn_close_fs.png"
            onclick="exitFullscreen();
"
            style="controlBar_i_btn_style"
            visible="false"
            devices="fullscreensupport"
            />

    <layer name="controlBar_ibtn_autorotate_on"
            url="%FIRSTXML%/graphics/icontrolbar/btn_start_autorotation.png"
            onclick="resumeautorotation();
"
            style="controlBar_i_btn_style"
            visible="false"
            />
    <layer name="controlBar_ibtn_autorotate_off"
            url="%FIRSTXML%/graphics/icontrolbar/btn_stop_autorotation.png"
            onclick="pauseautorotation();
"
            style="controlBar_i_btn_style"
            visible="false"
            />





    <layer name="controlBar_ibtn_hidecontrols"
           url="%FIRSTXML%/graphics/icontrolbar/btn_hide_controls.png"
           style="controlBar_i_btn_style"
           onclick="controlBar_ihideMenuControls();hideTourControls();
"
           visible="false"
           />
    <layer name="controlBar_ibtn_showcontrols"
           url="%FIRSTXML%/graphics/icontrolbar/btn_show_controls.png"
           style="controlBar_i_btn_style"
           onclick="controlBar_ishowMenuControls();showTourControls();
"
           visible="false"
           />
 </layer>




  <events name="controlBar_igyroscopeavailableevent"
          ongyroscopeavailable="controlBar_iupdateGyroscopeButtonsAvailability();"
          ongyroscopeunavailable="controlBar_iupdateGyroscopeButtonsAvailability();"
          ongyroscopeon="controlBar_ienableGyroscopeButtons(true);"
          ongyroscopeoff="controlBar_ienableGyroscopeButtons(false);"
          keep="true" devices="html5" />
  <krpano controlBar_imenugyroscopeavailable="false" controlBar_imenugyroscopeenabled="false"/>
  <action name="controlBar_iupdateGyroscopeButtonsAvailability">
    if (tour_gyroscopedevices,
      set(controlBar_imenugyroscopeavailable, true);
      controlBar_iupdateGyroscopeButtons();
    ,
      set(controlBar_imenugyroscopeavailable, false);
      controlBar_iupdateGyroscopeButtons();
    );
  </action>
  <action name="controlBar_ienableGyroscopeButtons">
    if (tour_gyroscopedevices,
      set(controlBar_imenugyroscopeenabled, %1);
      controlBar_iupdateGyroscopeButtons();
    );
  </action>
	<action name="controlBar_iHideGyroscopeButtons">
		set(layer[controlBar_ibtn_gyroscope_off].visible, false);
		set(layer[controlBar_ibtn_gyroscope_on].visible, false);
		if('%1' == 'true' AND plugin[gyroscope],
			set(layer[controlBar_ibtn_gyroscope_not].visible, true);
		,
			set(layer[controlBar_ibtn_gyroscope_not].visible, false);
		);
	</action>
	<action name="controlBar_iShowGyroscopeButtons">
		if (controlBar_imenugyroscopeavailable,
			if (controlBar_imenugyroscopeenabled,
				set(layer[controlBar_ibtn_gyroscope_off].visible, true);
				set(layer[controlBar_ibtn_gyroscope_on].visible, false);
			,
				set(layer[controlBar_ibtn_gyroscope_off].visible, false);
				set(layer[controlBar_ibtn_gyroscope_on].visible, true);
			);
			set(layer[controlBar_ibtn_gyroscope_not].visible, false);
		,
			controlBar_iHideGyroscopeButtons(true);
		);
	</action>
	<action name="controlBar_iupdateGyroscopeButtons">
	if (tour_gyroscopedevices,
		if (controlBar_iIsOpened,
			controlBar_iShowGyroscopeButtons();
		,
			controlBar_iHideGyroscopeButtons();
		);
	,
		if (controlBar_iIsOpened,
			controlBar_iHideGyroscopeButtons(true);
		,
			controlBar_iHideGyroscopeButtons();
		);
	);
	</action>


	<events name="controlBar_icontrolmodechangedevent" 
		oncontrolmodechanged="controlBar_iupdateControlModeButtons();" 
		keep="true" />
	<action name="controlBar_iHideControlModeButtons">
		set(layer[controlBar_ibtn_ctrlmode_move_to].visible, false);
		set(layer[controlBar_ibtn_ctrlmode_drag_to].visible, false);
	</action>
	<action name="controlBar_iShowControlModeButtons">
		if (tour_controlmodemousetype == "moveto",
			set(layer[controlBar_ibtn_ctrlmode_drag_to].visible, true);
			set(layer[controlBar_ibtn_ctrlmode_move_to].visible, false);
		,
			set(layer[controlBar_ibtn_ctrlmode_move_to].visible, true);
			set(layer[controlBar_ibtn_ctrlmode_drag_to].visible, false);
		);
	</action>
	<action name="controlBar_iupdateControlModeButtons">
	if (device.desktop,
		if (controlBar_iIsOpened,
			controlBar_iShowControlModeButtons();
		,
			controlBar_iHideControlModeButtons();
		);
	,
		controlBar_iHideControlModeButtons();
	);
	</action>


  <action name="controlBar_ihideMenuControls">
    set(controlBar_iIsOpened, false);
    set(layer[controlBar_ibtn_hidecontrols].visible, false);
    set(layer[controlBar_ibtn_showcontrols].visible, true);
if (scene.count GT 1,
	set(layer[controlBar_ibtn_next_pano].visible, false);
	set(layer[controlBar_ibtn_prev_pano].visible, false);
);


if (device.desktop,
	set(layer[controlBar_ibtn_in].visible, false);
	set(layer[controlBar_ibtn_out].visible, false);
);
if (device.desktop,
	set(layer[controlBar_ibtn_left].visible, false);
	set(layer[controlBar_ibtn_right].visible, false);
);
	controlBar_iupdateFullscreenButtons();


	controlBar_iupdateAutorotationButtons();

	controlBar_iupdateGyroscopeButtons();

	controlBar_iupdateControlModeButtons();

	controlBar_iupdateFloorplanButtons();



	set(layer[controlBar_i_menu_bg].width, get(controlBar_ibackgroundwidthwhenclosed));

	set(layer[controlBar_i_menu_bg].visible, true);
  </action>
  <action name="controlBar_ishowMenuControls">
    set(controlBar_iIsOpened, true);
    set(layer[controlBar_ibtn_hidecontrols].visible, true);
    set(layer[controlBar_ibtn_showcontrols].visible, false);
	set(layer[controlBar_i_menu_bg].visible, true);
if (scene.count GT 1,
	set(layer[controlBar_ibtn_next_pano].visible, true);
	set(layer[controlBar_ibtn_prev_pano].visible, true);
);


if (device.desktop,
	set(layer[controlBar_ibtn_in].visible, true);
	set(layer[controlBar_ibtn_out].visible, true);
);
if (device.desktop,
	set(layer[controlBar_ibtn_left].visible, true);
	set(layer[controlBar_ibtn_right].visible, true);
);
	controlBar_iupdateFullscreenButtons();


	controlBar_iupdateAutorotationButtons();

	controlBar_iupdateGyroscopeButtons();

	controlBar_iupdateControlModeButtons();

	controlBar_iupdateFloorplanButtons();


    set(layer[controlBar_i_menu_bg].width, get(controlBar_ibackgroundwidthwhenopened));
  </action>


	<events name="controlBar_iDisplayFloorPlanEvents" 
		onshowtourfloorplan="controlBar_iupdateFloorplanButtons();" 
		onhidetourfloorplan="controlBar_iupdateFloorplanButtons();" 
		keep="true" />
	<action name="controlBar_iHideFloorplanButtons">
		set(layer[controlBar_ibtn_display_floorplan].visible, false);
		set(layer[controlBar_ibtn_hide_floorplan].visible, false);
	</action>
	<action name="controlBar_iShowFloorplanButtons">
		if (tour_displayfloorplan,
			set(layer[controlBar_ibtn_hide_floorplan].visible, true);
			set(layer[controlBar_ibtn_display_floorplan].visible, false);
		,
			set(layer[controlBar_ibtn_display_floorplan].visible, true);
			set(layer[controlBar_ibtn_hide_floorplan].visible, false);
		);
	</action>
	<action name="controlBar_iupdateFloorplanButtons">
		if (controlBar_iIsOpened,
			controlBar_iShowFloorplanButtons();
		,
			controlBar_iHideFloorplanButtons();
		);
	</action>



  <events name="controlBar_imenufullscreenchangeevent"
          onenterfullscreen="controlBar_iupdateFullscreenButtons();"
          onexitfullscreen="controlBar_iupdateFullscreenButtons();"
          keep="true"/>
	<action name="controlBar_iHideFullscreenButtons">
		set(layer[controlBar_ibtn_openfs].visible , false);
		set(layer[controlBar_ibtn_closefs].visible, false);
	</action>
	<action name="controlBar_iShowFullscreenButtons">
		if (device.fullscreensupport,
			if(tour_fullscreen,
				set(layer[controlBar_ibtn_openfs].visible , false);
				set(layer[controlBar_ibtn_closefs].visible, true);
			,
				set(layer[controlBar_ibtn_openfs].visible ,true);
				set(layer[controlBar_ibtn_closefs].visible,false);
			);
		,
			controlBar_iHideFullscreenButtons();
		);
	</action>
	<action name="controlBar_iupdateFullscreenButtons">
		if (controlBar_iIsOpened,
			controlBar_iShowFullscreenButtons();
		,
			controlBar_iHideFullscreenButtons();
		);
	</action>

	<events name="controlBar_iAutorotationEvents"
		onstartautorotation="controlBar_iupdateAutorotationButtons();"
		onresumeautorotation="controlBar_iupdateAutorotationButtons();"
		onstopautorotation="controlBar_iupdateAutorotationButtons();"
		onpauseautorotation="controlBar_iupdateAutorotationButtons();"
		keep="true"/>
	<action name="controlBar_iHideAutorotationButtons">
		set(layer[controlBar_ibtn_autorotate_off].visible, false);
		set(layer[controlBar_ibtn_autorotate_on].visible , false);
	</action>
	<action name="controlBar_iShowAutorotationButtons">
		if(autorotate.enabled == false,
			set(layer[controlBar_ibtn_autorotate_off].visible, false);
			set(layer[controlBar_ibtn_autorotate_on].visible , true);
		,
			set(layer[controlBar_ibtn_autorotate_off].visible, true);
			set(layer[controlBar_ibtn_autorotate_on].visible , false);
		);
	</action>
	<action name="controlBar_iupdateAutorotationButtons">
		if (controlBar_iIsOpened,
			controlBar_iShowAutorotationButtons();
		,
			controlBar_iHideAutorotationButtons();
		);
	</action>



  <action name="controlBar_ibuildMenu">
    
    set(controlBar_ibutton_pos, 0);

	set(controlBar_ibackgroundwidthwhenclosed, 40);
    set(layer[controlBar_ibtn_hidecontrols].x, get(controlBar_ibutton_pos));
    set(layer[controlBar_ibtn_showcontrols].x, get(controlBar_ibutton_pos));
    inc(controlBar_ibutton_pos, 45);



      if (device.fullscreensupport,
        set(layer[controlBar_ibtn_openfs].x , get(controlBar_ibutton_pos));
        set(layer[controlBar_ibtn_closefs].x, get(controlBar_ibutton_pos));
        inc(controlBar_ibutton_pos, 45);
      );


      set(layer[controlBar_ibtn_display_floorplan].x , get(controlBar_ibutton_pos));
      set(layer[controlBar_ibtn_hide_floorplan].x    , get(controlBar_ibutton_pos));
      inc(controlBar_ibutton_pos, 45);


      set(layer[controlBar_ibtn_autorotate_on].x , get(controlBar_ibutton_pos));
      set(layer[controlBar_ibtn_autorotate_off].x, get(controlBar_ibutton_pos));
      inc(controlBar_ibutton_pos, 45);



    if (device.desktop,
      set(layer[controlBar_ibtn_ctrlmode_drag_to].x, get(controlBar_ibutton_pos));
      set(layer[controlBar_ibtn_ctrlmode_move_to].x, get(controlBar_ibutton_pos));
      inc(controlBar_ibutton_pos, 45);
    );




      if(plugin[gyroscope],
        set(controlBar_iDisplayGyroscopeButton, false);
        if (device.tablet, set(controlBar_iDisplayGyroscopeButton, true););
        if (device.mobile, set(controlBar_iDisplayGyroscopeButton, true););
        if(controlBar_iDisplayGyroscopeButton,
          set(layer[controlBar_ibtn_gyroscope_on].x , get(controlBar_ibutton_pos));
          set(layer[controlBar_ibtn_gyroscope_off].x, get(controlBar_ibutton_pos));
          set(layer[controlBar_ibtn_gyroscope_not].x, get(controlBar_ibutton_pos));
          inc(controlBar_ibutton_pos, 45);
        );
      );


      if (device.desktop,
        set(layer[controlBar_ibtn_right].x, get(controlBar_ibutton_pos));
        inc(controlBar_ibutton_pos, 45);
        set(layer[controlBar_ibtn_left].x, get(controlBar_ibutton_pos));
        inc(controlBar_ibutton_pos, 45);
      );

      if (device.desktop,
        set(layer[controlBar_ibtn_out].x, get(controlBar_ibutton_pos));
        inc(controlBar_ibutton_pos, 45);
        set(layer[controlBar_ibtn_in].x, get(controlBar_ibutton_pos));
        inc(controlBar_ibutton_pos, 45);
      );

    if (scene.count GT 1,
        set(layer[controlBar_ibtn_next_pano].x, get(controlBar_ibutton_pos));
        inc(controlBar_ibutton_pos, 45);
        set(layer[controlBar_ibtn_prev_pano].x, get(controlBar_ibutton_pos));
        inc(controlBar_ibutton_pos, 45);
      );



      dec(controlBar_ibutton_pos, 5);

      set(controlBar_ibackgroundwidthwhenopened, get(controlBar_ibutton_pos));


    
      set(layer[controlBar_i_menu_bg].width, get(controlBar_ibackgroundwidthwhenopened));
	
	
	
    </action>

	<events name="controlBar_iStartTourEvents" onTourStart="controlBar_iCallOnStartTour();" keep="true" />
	
	<action name="controlBar_iCallOnStartTour">
		
		controlBar_ishowMenuControls();
	</action>




<events name="panoramacomboboxStartTourEvents" onTourStart="set(layer[panoramacombobox].isStarted, true);if(layer[panoramacombobox].isLoaded,panoramacomboboxShow(););" keep="true" />


  <layer name="panoramacombobox"
         url="%FIRSTXML%/graphics/combobox.swf"
         alturl="%FIRSTXML%/graphics/combobox.js"
         keep="true"
         visible="false"
         zorder="5"
         align="topleft"
         x="5" y="10"
         rowcount="10"
         onloaded="panoramacomboboxLoaded();"
         isStarted="false"
         isLoaded="false"
         itemcount="0"
         itemfontsize.normal="14"
         itempadding.normal="8"
         itemfontsize.mobile="11"
         itempadding.mobile="5"
         cbdesignscale.mobile="1"
         />

  <action name="panoramacomboboxLoaded">
    
    layer[panoramacombobox].removeAll();
    set(layer[panoramacombobox].itemcount, 0);
    
    panoramacomboboxAddItem(panogroup98_title, panogroup98, pano89, false);
    panoramacomboboxAddItem(pano89_title, pano89, pano89, true);
    panoramacomboboxAddItem(pano97_title, pano97, pano97, true);
    panoramacomboboxAddItem(pano95_title, pano95, pano95, true);
    panoramacomboboxAddItem(pano92_title, pano92, pano92, true);
    panoramacomboboxAddItem(pano93_title, pano93, pano93, true);
    panoramacomboboxAddItem(pano96_title, pano96, pano96, true);
    panoramacomboboxAddItem(pano90_title, pano90, pano90, true);
    panoramacomboboxAddItem(pano91_title, pano91, pano91, true);
    panoramacomboboxAddItem(pano94_title, pano94, pano94, true);
    panoramacomboboxAddItem(panogroup112_title, panogroup112, pano109, false);
    panoramacomboboxAddItem(pano109_title, pano109, pano109, true);
    panoramacomboboxAddItem(pano107_title, pano107, pano107, true);
    panoramacomboboxAddItem(pano108_title, pano108, pano108, true);
    panoramacomboboxAddItem(pano110_title, pano110, pano110, true);
    panoramacomboboxAddItem(pano111_title, pano111, pano111, true);
    panoramacomboboxAddItem(panogroup122_title, panogroup122, pano119, false);
    panoramacomboboxAddItem(pano119_title, pano119, pano119, true);
    panoramacomboboxAddItem(pano118_title, pano118, pano118, true);
    panoramacomboboxAddItem(pano117_title, pano117, pano117, true);
    panoramacomboboxAddItem(pano120_title, pano120, pano120, true);
    panoramacomboboxAddItem(pano121_title, pano121, pano121, true);
    panoramacomboboxAddItem(panogroup138_title, panogroup138, pano133, false);
    panoramacomboboxAddItem(pano133_title, pano133, pano133, true);
    panoramacomboboxAddItem(pano131_title, pano131, pano131, true);
    panoramacomboboxAddItem(pano128_title, pano128, pano128, true);
    panoramacomboboxAddItem(pano135_title, pano135, pano135, true);
    panoramacomboboxAddItem(pano315_title, pano315, pano315, true);
    panoramacomboboxAddItem(pano129_title, pano129, pano129, true);
    panoramacomboboxAddItem(pano137_title, pano137, pano137, true);
    panoramacomboboxAddItem(pano136_title, pano136, pano136, true);
    panoramacomboboxAddItem(pano127_title, pano127, pano127, true);
    panoramacomboboxAddItem(pano132_title, pano132, pano132, true);
    panoramacomboboxAddItem(pano130_title, pano130, pano130, true);
    panoramacomboboxAddItem(panogroup157_title, panogroup157, pano152, false);
    panoramacomboboxAddItem(pano152_title, pano152, pano152, true);
    panoramacomboboxAddItem(pano156_title, pano156, pano156, true);
    panoramacomboboxAddItem(pano151_title, pano151, pano151, true);
    panoramacomboboxAddItem(pano149_title, pano149, pano149, true);
    panoramacomboboxAddItem(pano155_title, pano155, pano155, true);
    panoramacomboboxAddItem(pano154_title, pano154, pano154, true);
    panoramacomboboxAddItem(pano153_title, pano153, pano153, true);
    panoramacomboboxAddItem(pano150_title, pano150, pano150, true);
    set(layer[panoramacombobox].isLoaded, true);
    
    if(layer[panoramacombobox].isStarted,
      panoramacomboboxShow();
    );
  </action>


  <action name="panoramacomboboxAddItem">
    getmessage(caption, %1);
    
    indexoftxt(found, get(caption), '&amp;');
    if(found GE 0,
      subtxt(part1, get(caption), 0, get(found));
      add(found, 1);
      subtxt(part2, get(caption), get(found), get(caption.length));
      txtadd(caption, get(part1), '&amp;', get(part2));
    );
    if(%4,
      txtadd(title, "&#x00A0;&#x00A0;&#x00A0;", get(caption));
    ,
      set(title, get(caption));
    );
    layer[panoramacombobox].addIdItem(%2, get(title), mainloadscene(%3));
    inc(layer[panoramacombobox].itemcount);
  </action>

  <action name="panoramacomboboxUpdateLanguage">
    layer[panoramacombobox].closeList();
    layer[panoramacombobox].removeAll();
    set(layer[panoramacombobox].itemcount, 0);

    panoramacomboboxAddItem(panogroup98_title, panogroup98, pano89, false);
    panoramacomboboxAddItem(pano89_title, pano89, pano89, true);
    panoramacomboboxAddItem(pano97_title, pano97, pano97, true);
    panoramacomboboxAddItem(pano95_title, pano95, pano95, true);
    panoramacomboboxAddItem(pano92_title, pano92, pano92, true);
    panoramacomboboxAddItem(pano93_title, pano93, pano93, true);
    panoramacomboboxAddItem(pano96_title, pano96, pano96, true);
    panoramacomboboxAddItem(pano90_title, pano90, pano90, true);
    panoramacomboboxAddItem(pano91_title, pano91, pano91, true);
    panoramacomboboxAddItem(pano94_title, pano94, pano94, true);
    panoramacomboboxAddItem(panogroup112_title, panogroup112, pano109, false);
    panoramacomboboxAddItem(pano109_title, pano109, pano109, true);
    panoramacomboboxAddItem(pano107_title, pano107, pano107, true);
    panoramacomboboxAddItem(pano108_title, pano108, pano108, true);
    panoramacomboboxAddItem(pano110_title, pano110, pano110, true);
    panoramacomboboxAddItem(pano111_title, pano111, pano111, true);
    panoramacomboboxAddItem(panogroup122_title, panogroup122, pano119, false);
    panoramacomboboxAddItem(pano119_title, pano119, pano119, true);
    panoramacomboboxAddItem(pano118_title, pano118, pano118, true);
    panoramacomboboxAddItem(pano117_title, pano117, pano117, true);
    panoramacomboboxAddItem(pano120_title, pano120, pano120, true);
    panoramacomboboxAddItem(pano121_title, pano121, pano121, true);
    panoramacomboboxAddItem(panogroup138_title, panogroup138, pano133, false);
    panoramacomboboxAddItem(pano133_title, pano133, pano133, true);
    panoramacomboboxAddItem(pano131_title, pano131, pano131, true);
    panoramacomboboxAddItem(pano128_title, pano128, pano128, true);
    panoramacomboboxAddItem(pano135_title, pano135, pano135, true);
    panoramacomboboxAddItem(pano315_title, pano315, pano315, true);
    panoramacomboboxAddItem(pano129_title, pano129, pano129, true);
    panoramacomboboxAddItem(pano137_title, pano137, pano137, true);
    panoramacomboboxAddItem(pano136_title, pano136, pano136, true);
    panoramacomboboxAddItem(pano127_title, pano127, pano127, true);
    panoramacomboboxAddItem(pano132_title, pano132, pano132, true);
    panoramacomboboxAddItem(pano130_title, pano130, pano130, true);
    panoramacomboboxAddItem(panogroup157_title, panogroup157, pano152, false);
    panoramacomboboxAddItem(pano152_title, pano152, pano152, true);
    panoramacomboboxAddItem(pano156_title, pano156, pano156, true);
    panoramacomboboxAddItem(pano151_title, pano151, pano151, true);
    panoramacomboboxAddItem(pano149_title, pano149, pano149, true);
    panoramacomboboxAddItem(pano155_title, pano155, pano155, true);
    panoramacomboboxAddItem(pano154_title, pano154, pano154, true);
    panoramacomboboxAddItem(pano153_title, pano153, pano153, true);
    panoramacomboboxAddItem(pano150_title, pano150, pano150, true);

    panoramacomboboxUpdateList();
  </action>

  <events name="panoramacomboboxEvents"
          hidetourcontrols="panoramacomboboxHide();"
          showtourcontrols="panoramacomboboxShow();"
          onnewpano="panoramacomboboxOnPanorama();"
          changetourlanguage="panoramacomboboxUpdateLanguage();"
          keep="true"/>

  <action name="panoramacomboboxHide">
    set(layer[panoramacombobox].visible, false);
  </action>
  <action name="panoramacomboboxShow">
  if(layer[panoramacombobox].isLoaded,
    if (layer[panoramacombobox].itemcount GT 0,
      set(layer[panoramacombobox].visible, true);
    ,
      set(layer[panoramacombobox].visible, false);
    );
  ,
    set(layer[panoramacombobox].visible, false);
  );
  </action>

  <action name="panoramacomboboxOnPanorama">
    if(layer[panoramacombobox].isLoaded,
      panoramacomboboxUpdateList();
    ,
      delayedcall(0.2, panoramacomboboxOnPanorama);
    );
  </action>


  <action name="panoramacomboboxUpdateList">
    set(itemtoselect, get(scene[get(xml.scene)].name));
    layer[panoramacombobox].selectIdItem(get(itemtoselect));
  </action>



	<ptplugin name="floorPlan" engine="KolorFloorPlan">
		<settings>
			<option name="background_color" value="f2f2f2" type="string" />
			<option name="background_lighter_color" value="ffffff" type="string" />
			<option name="background_darker_color" value="cacaca" type="string" />
			<option name="background_alpha" value="1" type="float" />
			<option name="text_color" value="000000" type="string" />
			<option name="resize" value="true" type="bool" />
			<option name="fp_selector" value="one" type="string" />
			<option name="fp_selector_label" value="floorPlanmenu_label" type="string" />
			<option name="display_title" value="false" type="bool" />
			<option name="title_font" value="Verdana" type="string" />
			<option name="title_size" value="14" type="int" />
			<option name="title_weight" value="normal" type="string" />
			<option name="title_decoration" value="normal" type="string" />
			<option name="title_color" value="000000" type="string" />
			<option name="display_orientation" value="false" type="bool" />
			<option name="display_radar" value="true" type="bool" />
			<option name="radar_radius" value="50" type="int" />
			<option name="radar_line_width" value="1" type="int" />
			<option name="radar_line_color" value="662198" type="string" />
			<option name="radar_line_alpha" value="0.90000762951094837" type="float" />
			<option name="radar_fill_color" value="862abf" type="string" />
			<option name="radar_fill_alpha" value="0.59999999999999998" type="float" />
			<option name="selected_effect" value="bounce" type="string" />
			<option name="close_on_click" value="false" type="bool" />
			<option name="position" value="topright" type="string" />
			<option name="zorder" value="6" type="int" />
			<option name="use_i18n" value="true" type="bool" />
		</settings>
		
		<floorplanItems selectedItem="fpitemmain" selectedSpot="" selectedSpotScene="" selectedSpotHeading="" selectedSpotFov="">
				
				<floorplanItem 
					name="fpitemmain" 
					width="715" 
					height="1280" 
					groupName="" 
					url="floorplan/photo_2025-03-13_23-19-24.jpg" 
					title="project_floor_title"
					heading="0">
							<spot name="spotmap189" posX="0.431818008" posY="0.152046993" heading="0" desc="spotmap189_tooltip" descType="tooltip" groupName="" isScene="true" planar="false" scene="pano95" jsClick="spotmap189ActionSpotFloorPlan">
								<icon url="spots/pin_curved_2d_shadowed_user_defaultmap1.png" iconWidth="32" iconHeight="32" iconAnchor="center" />
							</spot>
							<spot name="spotmap427" posX="0.382867008" posY="0.195905998" heading="0" desc="spotmap427_tooltip" descType="tooltip" groupName="" isScene="true" planar="false" scene="pano97" jsClick="spotmap427ActionSpotFloorPlan">
								<icon url="spots/pin_curved_2d_shadowed_user_defaultmap1.png" iconWidth="32" iconHeight="32" iconAnchor="center" />
							</spot>
							<spot name="spotmap428" posX="0.652098" posY="0.192982003" heading="0" desc="spotmap428_tooltip" descType="tooltip" groupName="" isScene="true" planar="false" scene="pano92" jsClick="spotmap428ActionSpotFloorPlan">
								<icon url="spots/pin_curved_2d_shadowed_user_defaultmap1.png" iconWidth="32" iconHeight="32" iconAnchor="center" />
							</spot>
							<spot name="spotmap429" posX="0.76049" posY="0.192008004" heading="0" desc="spotmap429_tooltip" descType="tooltip" groupName="" isScene="true" planar="false" scene="pano93" jsClick="spotmap429ActionSpotFloorPlan">
								<icon url="spots/pin_curved_2d_shadowed_user_defaultmap1.png" iconWidth="32" iconHeight="32" iconAnchor="center" />
							</spot>
							<spot name="spotmap430" posX="0.767482996" posY="0.174464002" heading="0" desc="spotmap430_tooltip" descType="tooltip" groupName="" isScene="true" planar="false" scene="pano96" jsClick="spotmap430ActionSpotFloorPlan">
								<icon url="spots/pin_curved_2d_shadowed_user_defaultmap1.png" iconWidth="32" iconHeight="32" iconAnchor="center" />
							</spot>
							<spot name="spotmap431" posX="0.234265998" posY="0.195905998" heading="0" desc="spotmap431_tooltip" descType="tooltip" groupName="" isScene="true" planar="false" scene="pano91" jsClick="spotmap431ActionSpotFloorPlan">
								<icon url="spots/pin_curved_2d_shadowed_user_defaultmap1.png" iconWidth="32" iconHeight="32" iconAnchor="center" />
							</spot>
							<spot name="spotmap432" posX="0.0681817979" posY="0.194931999" heading="0" desc="spotmap432_tooltip" descType="tooltip" groupName="" isScene="true" planar="false" scene="pano94" jsClick="spotmap432ActionSpotFloorPlan">
								<icon url="spots/pin_curved_2d_shadowed_user_defaultmap1.png" iconWidth="32" iconHeight="32" iconAnchor="center" />
							</spot>
							<spot name="spotmap433" posX="0.311188996" posY="0.153020993" heading="0" desc="spotmap433_tooltip" descType="tooltip" groupName="" isScene="true" planar="false" scene="pano90" jsClick="spotmap433ActionSpotFloorPlan">
								<icon url="spots/pin_curved_2d_shadowed_user_defaultmap1.png" iconWidth="32" iconHeight="32" iconAnchor="center" />
							</spot>
							<spot name="spotmap434" posX="0.465034992" posY="0.195905998" heading="0" desc="spotmap434_tooltip" descType="tooltip" groupName="" isScene="true" planar="false" scene="pano89" jsClick="spotmap434ActionSpotFloorPlan">
								<icon url="spots/pin_curved_2d_shadowed_user_defaultmap1.png" iconWidth="32" iconHeight="32" iconAnchor="center" />
							</spot>
							<spot name="spotmap435" posX="0.0506993011" posY="0.381092012" heading="0" desc="spotmap435_tooltip" descType="tooltip" groupName="" isScene="true" planar="false" scene="pano107" jsClick="spotmap435ActionSpotFloorPlan">
								<icon url="spots/pin_curved_2d_shadowed_user_defaultmap1.png" iconWidth="32" iconHeight="32" iconAnchor="center" />
							</spot>
							<spot name="spotmap437" posX="0.241258994" posY="0.411305994" heading="0" desc="spotmap437_tooltip" descType="tooltip" groupName="" isScene="true" planar="false" scene="pano108" jsClick="spotmap437ActionSpotFloorPlan">
								<icon url="spots/pin_curved_2d_shadowed_user_defaultmap1.png" iconWidth="32" iconHeight="32" iconAnchor="center" />
							</spot>
							<spot name="spotmap438" posX="0.451049" posY="0.380116999" heading="0" desc="spotmap438_tooltip" descType="tooltip" groupName="" isScene="true" planar="false" scene="pano111" jsClick="spotmap438ActionSpotFloorPlan">
								<icon url="spots/pin_curved_2d_shadowed_user_defaultmap1.png" iconWidth="32" iconHeight="32" iconAnchor="center" />
							</spot>
							<spot name="spotmap439" posX="0.048951" posY="0.413255006" heading="0" desc="spotmap439_tooltip" descType="tooltip" groupName="" isScene="true" planar="false" scene="pano110" jsClick="spotmap439ActionSpotFloorPlan">
								<icon url="spots/pin_curved_2d_shadowed_user_defaultmap1.png" iconWidth="32" iconHeight="32" iconAnchor="center" />
							</spot>
							<spot name="spotmap441" posX="0.241258994" posY="0.379141986" heading="0" desc="spotmap441_tooltip" descType="tooltip" groupName="" isScene="true" planar="false" scene="pano109" jsClick="spotmap441ActionSpotFloorPlan">
								<icon url="spots/pin_curved_2d_shadowed_user_defaultmap1.png" iconWidth="32" iconHeight="32" iconAnchor="center" />
							</spot>
							<spot name="spotmap442" posX="0.0524475984" posY="0.562377989" heading="0" desc="spotmap442_tooltip" descType="tooltip" groupName="" isScene="true" planar="false" scene="pano117" jsClick="spotmap442ActionSpotFloorPlan">
								<icon url="spots/pin_curved_2d_shadowed_user_defaultmap1.png" iconWidth="32" iconHeight="32" iconAnchor="center" />
							</spot>
							<spot name="spotmap443" posX="0.248252004" posY="0.560428977" heading="0" desc="spotmap443_tooltip" descType="tooltip" groupName="" isScene="true" planar="false" scene="pano119" jsClick="spotmap443ActionSpotFloorPlan">
								<icon url="spots/pin_curved_2d_shadowed_user_defaultmap1.png" iconWidth="32" iconHeight="32" iconAnchor="center" />
							</spot>
							<spot name="spotmap444" posX="0.241258994" posY="0.593567014" heading="0" desc="spotmap444_tooltip" descType="tooltip" groupName="" isScene="true" planar="false" scene="pano118" jsClick="spotmap444ActionSpotFloorPlan">
								<icon url="spots/pin_curved_2d_shadowed_user_defaultmap1.png" iconWidth="32" iconHeight="32" iconAnchor="center" />
							</spot>
							<spot name="spotmap445" posX="0.452796996" posY="0.56140399" heading="0" desc="spotmap445_tooltip" descType="tooltip" groupName="" isScene="true" planar="false" scene="pano121" jsClick="spotmap445ActionSpotFloorPlan">
								<icon url="spots/pin_curved_2d_shadowed_user_defaultmap1.png" iconWidth="32" iconHeight="32" iconAnchor="center" />
							</spot>
							<spot name="spotmap446" posX="0.0534350984" posY="0.593617022" heading="0" desc="spotmap446_tooltip" descType="tooltip" groupName="" isScene="true" planar="false" scene="pano120" jsClick="spotmap446ActionSpotFloorPlan">
								<icon url="spots/pin_curved_2d_shadowed_user_defaultmap1.png" iconWidth="32" iconHeight="32" iconAnchor="center" />
							</spot>
							<spot name="spotmap448" posX="0.653846025" posY="0.744638979" heading="0" desc="spotmap448_tooltip" descType="tooltip" groupName="" isScene="true" planar="false" scene="pano132" jsClick="spotmap448ActionSpotFloorPlan">
								<icon url="spots/pin_curved_2d_shadowed_user_defaultmap1.png" iconWidth="32" iconHeight="32" iconAnchor="center" />
							</spot>
							<spot name="spotmap449" posX="0.659090996" posY="0.772903979" heading="0" desc="spotmap449_tooltip" descType="tooltip" groupName="" isScene="true" planar="false" scene="pano130" jsClick="spotmap449ActionSpotFloorPlan">
								<icon url="spots/pin_curved_2d_shadowed_user_defaultmap1.png" iconWidth="32" iconHeight="32" iconAnchor="center" />
							</spot>
							<spot name="spotmap450" posX="0.447551996" posY="0.746589005" heading="0" desc="spotmap450_tooltip" descType="tooltip" groupName="" isScene="true" planar="false" scene="pano136" jsClick="spotmap450ActionSpotFloorPlan">
								<icon url="spots/pin_curved_2d_shadowed_user_defaultmap1.png" iconWidth="32" iconHeight="32" iconAnchor="center" />
							</spot>
							<spot name="spotmap451" posX="0.43511501" posY="0.70638299" heading="0" desc="spotmap451_tooltip" descType="tooltip" groupName="" isScene="true" planar="false" scene="pano127" jsClick="spotmap451ActionSpotFloorPlan">
								<icon url="spots/pin_curved_2d_shadowed_user_defaultmap1.png" iconWidth="32" iconHeight="32" iconAnchor="center" />
							</spot>
							<spot name="spotmap452" posX="0.395105004" posY="0.774854004" heading="0" desc="spotmap452_tooltip" descType="tooltip" groupName="" isScene="true" planar="false" scene="pano137" jsClick="spotmap452ActionSpotFloorPlan">
								<icon url="spots/pin_curved_2d_shadowed_user_defaultmap1.png" iconWidth="32" iconHeight="32" iconAnchor="center" />
							</spot>
							<spot name="spotmap453" posX="0.389860004" posY="0.745613992" heading="0" desc="spotmap453_tooltip" descType="tooltip" groupName="" isScene="true" planar="false" scene="pano129" jsClick="spotmap453ActionSpotFloorPlan">
								<icon url="spots/pin_curved_2d_shadowed_user_defaultmap1.png" iconWidth="32" iconHeight="32" iconAnchor="center" />
							</spot>
							<spot name="spotmap454" posX="0.244275004" posY="0.744681001" heading="0" desc="spotmap454_tooltip" descType="tooltip" groupName="" isScene="true" planar="false" scene="pano133" jsClick="spotmap454ActionSpotFloorPlan">
								<icon url="spots/pin_curved_2d_shadowed_user_defaultmap1.png" iconWidth="32" iconHeight="32" iconAnchor="center" />
							</spot>
							<spot name="spotmap455" posX="0.241258994" posY="0.775828004" heading="0" desc="spotmap455_tooltip" descType="tooltip" groupName="" isScene="true" planar="false" scene="pano131" jsClick="spotmap455ActionSpotFloorPlan">
								<icon url="spots/pin_curved_2d_shadowed_user_defaultmap1.png" iconWidth="32" iconHeight="32" iconAnchor="center" />
							</spot>
							<spot name="spotmap456" posX="0.0506993011" posY="0.747563004" heading="0" desc="spotmap456_tooltip" descType="tooltip" groupName="" isScene="true" planar="false" scene="pano128" jsClick="spotmap456ActionSpotFloorPlan">
								<icon url="spots/pin_curved_2d_shadowed_user_defaultmap1.png" iconWidth="32" iconHeight="32" iconAnchor="center" />
							</spot>
							<spot name="spotmap457" posX="0.0541957989" posY="0.771929979" heading="0" desc="spotmap457_tooltip" descType="tooltip" groupName="" isScene="true" planar="false" scene="pano135" jsClick="spotmap457ActionSpotFloorPlan">
								<icon url="spots/pin_curved_2d_shadowed_user_defaultmap1.png" iconWidth="32" iconHeight="32" iconAnchor="center" />
							</spot>
							<spot name="spotmap458" posX="0.0279719997" posY="0.771929979" heading="0" desc="spotmap458_tooltip" descType="tooltip" groupName="" isScene="true" planar="false" scene="pano315" jsClick="spotmap458ActionSpotFloorPlan">
								<icon url="spots/pin_curved_2d_shadowed_user_defaultmap1.png" iconWidth="32" iconHeight="32" iconAnchor="center" />
							</spot>
							<spot name="spotmap489" posX="0.0506993011" posY="0.923977017" heading="0" desc="spotmap489_tooltip" descType="tooltip" groupName="" isScene="true" planar="false" scene="pano149" jsClick="spotmap489ActionSpotFloorPlan">
								<icon url="spots/pin_curved_2d_shadowed_user_defaultmap1.png" iconWidth="32" iconHeight="32" iconAnchor="center" />
							</spot>
							<spot name="spotmap490" posX="0.0559441" posY="0.959064007" heading="0" desc="spotmap490_tooltip" descType="tooltip" groupName="" isScene="true" planar="false" scene="pano155" jsClick="spotmap490ActionSpotFloorPlan">
								<icon url="spots/pin_curved_2d_shadowed_user_defaultmap1.png" iconWidth="32" iconHeight="32" iconAnchor="center" />
							</spot>
							<spot name="spotmap491" posX="0.0279719997" posY="0.959064007" heading="0" desc="spotmap491_tooltip" descType="tooltip" groupName="" isScene="true" planar="false" scene="pano154" jsClick="spotmap491ActionSpotFloorPlan">
								<icon url="spots/pin_curved_2d_shadowed_user_defaultmap1.png" iconWidth="32" iconHeight="32" iconAnchor="center" />
							</spot>
							<spot name="spotmap492" posX="0.246503994" posY="0.923002005" heading="0" desc="spotmap492_tooltip" descType="tooltip" groupName="" isScene="true" planar="false" scene="pano152" jsClick="spotmap492ActionSpotFloorPlan">
								<icon url="spots/pin_curved_2d_shadowed_user_defaultmap1.png" iconWidth="32" iconHeight="32" iconAnchor="center" />
							</spot>
							<spot name="spotmap493" posX="0.244755" posY="0.958090007" heading="0" desc="spotmap493_tooltip" descType="tooltip" groupName="" isScene="true" planar="false" scene="pano151" jsClick="spotmap493ActionSpotFloorPlan">
								<icon url="spots/pin_curved_2d_shadowed_user_defaultmap1.png" iconWidth="32" iconHeight="32" iconAnchor="center" />
							</spot>
							<spot name="spotmap496" posX="0.456294" posY="0.923977017" heading="0" desc="spotmap496_tooltip" descType="tooltip" groupName="" isScene="true" planar="false" scene="pano156" jsClick="spotmap496ActionSpotFloorPlan">
								<icon url="spots/pin_curved_2d_shadowed_user_defaultmap1.png" iconWidth="32" iconHeight="32" iconAnchor="center" />
							</spot>
							<spot name="spotmap497" posX="0.65734297" posY="0.923002005" heading="0" desc="spotmap497_tooltip" descType="tooltip" groupName="" isScene="true" planar="false" scene="pano153" jsClick="spotmap497ActionSpotFloorPlan">
								<icon url="spots/pin_curved_2d_shadowed_user_defaultmap1.png" iconWidth="32" iconHeight="32" iconAnchor="center" />
							</spot>
							<spot name="spotmap500" posX="0.660839021" posY="0.959064007" heading="0" desc="spotmap500_tooltip" descType="tooltip" groupName="" isScene="true" planar="false" scene="pano150" jsClick="spotmap500ActionSpotFloorPlan">
								<icon url="spots/pin_curved_2d_shadowed_user_defaultmap1.png" iconWidth="32" iconHeight="32" iconAnchor="center" />
							</spot>
				</floorplanItem>
			
			
		</floorplanItems>
	</ptplugin>
	
	<action name="kolorFloorplanJsReady_floorPlan">
		set(ptplugin[floorPlan].jsready, true);
		
		ifnot(ptplugin[floorPlan].floorplanItems[0].selectedSpot == "",
			set(ptplugin[floorPlan].floorplanItems[0].selectedSpotFov, get(view.hfov));
			js(invokePluginFunction(floorPlan, setKolorFloorPlanSelectedSpotOptions, get(xml.scene), get(view.hlookat), get(view.hfov)));
		);
	</action>
	
	
		
			<action name="spotmap189ActionSpotFloorPlan">
          mainloadscene(pano95);lookat(-169.140000, 0.000000, 51.488400);

</action>
			<action name="spotmap427ActionSpotFloorPlan">
          mainloadscene(pano97);lookat(get(panoview.h), get(panoview.v), get(panoview.fov));

</action>
			<action name="spotmap428ActionSpotFloorPlan">
          mainloadscene(pano92);lookat(get(panoview.h), get(panoview.v), get(panoview.fov));

</action>
			<action name="spotmap429ActionSpotFloorPlan">
          mainloadscene(pano93);lookat(-90.256400, 0.000000, 52.479300);

</action>
			<action name="spotmap430ActionSpotFloorPlan">
          mainloadscene(pano96);lookat(get(panoview.h), get(panoview.v), get(panoview.fov));

</action>
			<action name="spotmap431ActionSpotFloorPlan">
          mainloadscene(pano91);lookat(get(panoview.h), get(panoview.v), get(panoview.fov));

</action>
			<action name="spotmap432ActionSpotFloorPlan">
          mainloadscene(pano94);lookat(57.231800, 0.000000, 60.562800);

</action>
			<action name="spotmap433ActionSpotFloorPlan">
          mainloadscene(pano90);lookat(get(panoview.h), get(panoview.v), get(panoview.fov));

</action>
			<action name="spotmap434ActionSpotFloorPlan">
          mainloadscene(pano89);lookat(get(panoview.h), get(panoview.v), get(panoview.fov));

</action>
			<action name="spotmap435ActionSpotFloorPlan">
          mainloadscene(pano107);lookat(get(panoview.h), get(panoview.v), get(panoview.fov));

</action>
			<action name="spotmap437ActionSpotFloorPlan">
          mainloadscene(pano108);lookat(get(panoview.h), get(panoview.v), get(panoview.fov));

</action>
			<action name="spotmap438ActionSpotFloorPlan">
          mainloadscene(pano111);lookat(get(panoview.h), get(panoview.v), get(panoview.fov));

</action>
			<action name="spotmap439ActionSpotFloorPlan">
          mainloadscene(pano110);lookat(get(panoview.h), get(panoview.v), get(panoview.fov));

</action>
			<action name="spotmap441ActionSpotFloorPlan">
          mainloadscene(pano109);lookat(get(panoview.h), get(panoview.v), get(panoview.fov));

</action>
			<action name="spotmap442ActionSpotFloorPlan">
          mainloadscene(pano117);lookat(get(panoview.h), get(panoview.v), get(panoview.fov));

</action>
			<action name="spotmap443ActionSpotFloorPlan">
          mainloadscene(pano119);lookat(get(panoview.h), get(panoview.v), get(panoview.fov));

</action>
			<action name="spotmap444ActionSpotFloorPlan">
          mainloadscene(pano118);lookat(get(panoview.h), get(panoview.v), get(panoview.fov));

</action>
			<action name="spotmap445ActionSpotFloorPlan">
          mainloadscene(pano121);lookat(get(panoview.h), get(panoview.v), get(panoview.fov));

</action>
			<action name="spotmap446ActionSpotFloorPlan">
          mainloadscene(pano120);lookat(get(panoview.h), get(panoview.v), get(panoview.fov));

</action>
			<action name="spotmap448ActionSpotFloorPlan">
          mainloadscene(pano132);lookat(18.586400, 0.000000, 56.322400);

</action>
			<action name="spotmap449ActionSpotFloorPlan">
          mainloadscene(pano130);lookat(2.945850, 0.000000, 58.917000);

</action>
			<action name="spotmap450ActionSpotFloorPlan">
          mainloadscene(pano136);lookat(get(panoview.h), get(panoview.v), get(panoview.fov));

</action>
			<action name="spotmap451ActionSpotFloorPlan">
          mainloadscene(pano127);lookat(get(panoview.h), get(panoview.v), get(panoview.fov));

</action>
			<action name="spotmap452ActionSpotFloorPlan">
          mainloadscene(pano137);lookat(get(panoview.h), get(panoview.v), get(panoview.fov));

</action>
			<action name="spotmap453ActionSpotFloorPlan">
          mainloadscene(pano129);lookat(get(panoview.h), get(panoview.v), get(panoview.fov));

</action>
			<action name="spotmap454ActionSpotFloorPlan">
          mainloadscene(pano133);lookat(get(panoview.h), get(panoview.v), get(panoview.fov));

</action>
			<action name="spotmap455ActionSpotFloorPlan">
          mainloadscene(pano131);lookat(get(panoview.h), get(panoview.v), get(panoview.fov));

</action>
			<action name="spotmap456ActionSpotFloorPlan">
          mainloadscene(pano128);lookat(get(panoview.h), get(panoview.v), get(panoview.fov));

</action>
			<action name="spotmap457ActionSpotFloorPlan">
          mainloadscene(pano135);lookat(get(panoview.h), get(panoview.v), get(panoview.fov));

</action>
			<action name="spotmap458ActionSpotFloorPlan">
          mainloadscene(pano315);lookat(get(panoview.h), get(panoview.v), get(panoview.fov));

</action>
			<action name="spotmap489ActionSpotFloorPlan">
          mainloadscene(pano149);lookat(get(panoview.h), get(panoview.v), get(panoview.fov));

</action>
			<action name="spotmap490ActionSpotFloorPlan">
          mainloadscene(pano155);lookat(get(panoview.h), get(panoview.v), get(panoview.fov));

</action>
			<action name="spotmap491ActionSpotFloorPlan">
          mainloadscene(pano154);lookat(get(panoview.h), get(panoview.v), get(panoview.fov));

</action>
			<action name="spotmap492ActionSpotFloorPlan">
          mainloadscene(pano152);lookat(get(panoview.h), get(panoview.v), get(panoview.fov));

</action>
			<action name="spotmap493ActionSpotFloorPlan">
          mainloadscene(pano151);lookat(get(panoview.h), get(panoview.v), get(panoview.fov));

</action>
			<action name="spotmap496ActionSpotFloorPlan">
          mainloadscene(pano156);lookat(get(panoview.h), get(panoview.v), get(panoview.fov));

</action>
			<action name="spotmap497ActionSpotFloorPlan">
          mainloadscene(pano153);lookat(get(panoview.h), get(panoview.v), get(panoview.fov));

</action>
			<action name="spotmap500ActionSpotFloorPlan">
          mainloadscene(pano150);lookat(get(panoview.h), get(panoview.v), get(panoview.fov));

</action>
	
	
	
	<events name="floorPlanEvents" 
	onxmlcomplete="ifnot(floorPlanFloorPlanLoaded,set(tour_displayfloorplan,true););floorPlanActivateDefaultSpot();" 
	onviewchanged="floorPlanOnViewChange();" 
	onhidetourfloorplan="floorPlanCloseTourFloorPlan();" 
	onshowtourfloorplan="if(tour_displayfloorplan,floorPlanOpenTourFloorPlan(););" 
	onTourStart="floorPlanOpenTourFloorPlan();"
	changetourlanguage="floorPlanChangeLanguage();"
	keep="true" />
	
	<action name="floorPlanChangeLanguage">
		if(ptplugin[floorPlan].jsready,
			stopdelayedcall(delay_floorPlan);
			js(invokePluginFunction(floorPlan, changeLanguage));
			js(invokePluginFunction(floorPlanArea, changeLanguage, false));
		,
			delayedcall(delay_floorPlan, 0.1, floorPlanChangeLanguage(););
		);
	</action>
	
	
	<krpano floorPlanFloorPlanLoaded="false" />
	
	<action name="floorPlanHideTourFloorPlan">
		hideKolorArea_floorPlanArea(false);
	</action>
	
	<action name="floorPlanCloseTourFloorPlan">
		closeKolorArea_floorPlanArea();
	</action>
	
	<action name="floorPlanShowTourFloorPlan">
		if(ptplugin[floorPlanArea].isOpen === null,
			openKolorArea_floorPlanArea();
		,
			showKolorArea_floorPlanArea(false);
		);
	</action>
	
	<action name="floorPlanOpenTourFloorPlan">
		openKolorArea_floorPlanArea();
	</action>
	
	<action name="floorPlanOnViewChange">
		if (floorPlanFloorPlanLoaded == true,
			ifnot(ptplugin[floorPlan].floorplanItems[0].selectedSpot == "",
				ifnot(scene[get(xml.scene)].planar,
					js(invokePluginFunction(floorPlan, changeDirection, get(xml.scene), get(view.hlookat), get(view.hfov)));
				);
			);
		);
	</action>
	
	<action name="floorPlanActivateSpot">
		
		set(ptplugin[floorPlan].floorplanItems[0].selectedSpot, %1);
		set(ptplugin[floorPlan].floorplanItems[0].selectedItem, %2);
		
		if(%1 !== "",
			set(ptplugin[floorPlan].floorplanItems[0].selectedSpotScene, get(xml.scene));
			set(ptplugin[floorPlan].floorplanItems[0].selectedSpotHeading, get(view.hlookat));
			set(ptplugin[floorPlan].floorplanItems[0].selectedSpotFov, get(view.hfov));
		);
		
		js(invokePluginFunction(floorPlan, selectSpot, %1, %2, %3));

		if(%1 !== "",
			if(scene[get(xml.scene)].planar,
				js(invokePluginFunction(floorPlan, hideRadar));
			,
				js(invokePluginFunction(floorPlan, changeDirection, get(xml.scene), get(view.hlookat), get(view.hfov)));
			);
		);
	</action>
	
	<action name="floorPlanDeactivateSpot">
		set(ptplugin[floorPlan].floorplanItems[0].selectedSpot, "");
		
		js(invokePluginFunction(floorPlan, unselectSpot));
	</action>
	
	<action name="floorPlanActivateDefaultSpot">
		set(floorPlanFloorPlanLoaded, true);
		
		set(floorPlanSpotFound, "");
		set(floorPlanSpotScene, "");
		set(floorPlanItemFound, "");
		set(floorPlanItemSearch, true);
		set(floorPlanSpotSearchActivated, true);
		set(floorPlanSpotSearchContinue, true);
		
		
		set(defaultfloorplaniteminc_wait,50);
		for(set(defaultfloorplaniteminc,0), defaultfloorplaniteminc LT ptplugin[floorPlan].floorplanItems[0].floorplanItem.count , inc(defaultfloorplaniteminc),
			if(defaultfloorplaniteminc_wait == defaultfloorplaniteminc,
				add(defaultfloorplaniteminc_wait,50);
				wait(0);
			);
			if(floorPlanSpotSearchActivated == true,
				
				if(ptplugin[floorPlan].floorplanItems[0].floorplanItem[get(defaultfloorplaniteminc)].groupName == scene[get(xml.scene)].group,
					set(floorPlanItemFound, get(ptplugin[floorPlan].floorplanItems[0].floorplanItem[get(defaultfloorplaniteminc)].name));
					set(ptplugin[floorPlan].floorplanItems[0].selectedItem, get(ptplugin[floorPlan].floorplanItems[0].floorplanItem[get(defaultfloorplaniteminc)].name));
					set(floorPlanItemSearch, false);
				,
					
					if(floorPlanItemFound == "",
						set(floorPlanItemFound, get(ptplugin[floorPlan].floorplanItems[0].floorplanItem[fpitemmain].name));
						set(ptplugin[floorPlan].floorplanItems[0].selectedItem, get(ptplugin[floorPlan].floorplanItems[0].floorplanItem[fpitemmain].name));
					);
				);
			);
			if(floorPlanSpotSearchActivated == true,
				set(defaultspotinc_wait,50);
				for(set(defaultspotinc,0), defaultspotinc LT ptplugin[floorPlan].floorplanItems[0].floorplanItem[get(defaultfloorplaniteminc)].spot.count , inc(defaultspotinc),
					if(defaultspotinc_wait == defaultspotinc,
						add(defaultspotinc_wait,50);
						wait(0);
					);
					if(ptplugin[floorPlan].floorplanItems[0].floorplanItem[get(defaultfloorplaniteminc)].spot[get(defaultspotinc)].isScene == true,
					
						if(floorPlanSpotSearchContinue == true,
							if(ptplugin[floorPlan].floorplanItems[0].floorplanItem[get(defaultfloorplaniteminc)].spot[get(defaultspotinc)].scene == xml.scene,
								set(floorPlanSpotFound, get(ptplugin[floorPlan].floorplanItems[0].floorplanItem[get(defaultfloorplaniteminc)].spot[get(defaultspotinc)].name));
								set(floorPlanSpotScene, get(ptplugin[floorPlan].floorplanItems[0].floorplanItem[get(defaultfloorplaniteminc)].spot[get(defaultspotinc)].scene));
								set(ptplugin[floorPlan].floorplanItems[0].selectedItem, get(ptplugin[floorPlan].floorplanItems[0].floorplanItem[get(defaultfloorplaniteminc)].name));
								if(floorPlanItemSearch == false,
									set(floorPlanSpotSearchContinue, false);
									set(floorPlanSpotSearchActivated, false);
								);
							);
						);
					);
					
				);
			);
		);
		
		if(floorPlanSpotFound == "",
			
			
			floorPlanDeactivateSpot();
			
			
			set(ptplugin[floorPlan].floorplanItems[0].selectedItem, get(floorPlanItemFound));
			
			
			ifnot(ptplugin[floorPlan].floorplanItems[0].selectedItem == "",
				floorPlanActivateSpot("", get(ptplugin[floorPlan].floorplanItems[0].selectedItem), "");
			);
		,
			
			floorPlanActivateSpot(get(floorPlanSpotFound), get(ptplugin[floorPlan].floorplanItems[0].selectedItem), get(floorPlanSpotScene));
		);
	</action>
	
	<action name="floorPlanChangeTitle">
		js(invokePluginFunction(floorPlan, changeTitle, %1));
	</action>
	
	<ptplugin name="floorPlanArea" engine="kolorArea">
	<settings>
		<option name="position" value="topright" type="string" />
		<option name="start_position" value="left" type="string" />
		<option name="margin_x" value="10" type="int" />
		<option name="margin_y" value="10" type="int" />
		<option name="display_title" value="false" type="bool" />
		<option name="title_font" value="Verdana" type="string" />
		<option name="title_size" value="14" type="int" />
		<option name="title_weight" value="normal" type="string" />
		<option name="title_decoration" value="normal" type="string" />
		<option name="title_color" value="000000" type="string" />
		<option name="close_displayed" value="false" type="bool" />
		<option name="close_text" value="floorPlandisplay_close_text" type="string" />

		<option name="background_color" value="f2f2f2" type="string" />
		<option name="background_alpha" value="1" type="float" />
		<option name="overlay_displayed" value="false" type="bool" />
		<option name="overlay_color" value="000000" type="string" />
		<option name="overlay_alpha" value="0.50000762951094835" type="float" />

		<option name="padding" value="0" type="int" />
		<option name="topleft_radius" value="0" type="int" />
		<option name="topright_radius" value="0" type="int" />
		<option name="bottomleft_radius" value="0" type="int" />
		<option name="bottomright_radius" value="0" type="int" />
		<option name="area_border_width" value="0" type="int" />
		<option name="area_border_color" value="f2f2f2" type="string" />
		<option name="area_border_alpha" value="1" type="float" />
		<option name="area_width" value="260" type="int" />
		<option name="area_height" value="513" type="int" />
		<option name="area_width_unit" value="pixel" type="string" />
		<option name="area_height_unit" value="pixel" type="string" />
		<option name="animation" value="false" type="bool" />
		<option name="animation_duration" value="500" type="int" />
		<option name="close_on_click" value="false" type="bool" />
		<option name="refresh_content" value="false" type="bool" />
		<option name="open_callback" value="addKolorFloorPlan('floorPlan', 'floorPlanArea_floorplanDIV');" type="string" />
		<option name="close_callback" value="invokeKrFunction('closeKolorAreaCallback_floorPlanArea')" type="string" />
		<option name="zorder" value="6" type="int" />
		<option name="use_i18n" value="true" type="bool" />
	</settings>
	</ptplugin>
	
	<action name="kolorAreaJsReady_floorPlanArea">
		set(ptplugin[floorPlanArea].jsready, true);

		inc(tour_autorotation_openatstartplugin);
		set(ptplugin[floorPlanArea].autorotateBlocked, true);

	</action>
	
	<action name="openKolorArea_floorPlanArea">
		ifnot(ptplugin[floorPlanArea].isOpen,
			set(ptplugin[floorPlanArea].isOpen, true);
			pauseautorotation(forceplugin);

			js(showKolorArea(floorPlanArea, &lt;div id="floorPlanArea_floorplanDIV"&gt;&lt;/div&gt;));
			events.dispatch(onremovedisplayedobject);
		);
	</action>
	
	<action name="closeKolorArea_floorPlanArea">
		if(ptplugin[floorPlanArea].isOpen,
			js(invokePluginFunction(floorPlanArea, closeKolorArea));
		);
	</action>
	
	<action name="toggleKolorArea_floorPlanArea">
		if(ptplugin[floorPlanArea].isOpen,
			closeKolorArea_floorPlanArea();
		,
			openKolorArea_floorPlanArea();
		);
	</action>
	
	<action name="closeKolorAreaCallback_floorPlanArea">
		if(ptplugin[floorPlanArea].isOpen,resumeautorotation(forceplugin);

			if(ptplugin[floorPlanArea].autorotateBlocked,if(tour_autorotation_openatstartplugin GT 0,dec(tour_autorotation_openatstartplugin);set(ptplugin[floorPlanArea].autorotateBlocked,false);););
		);
		set(ptplugin[floorPlanArea].isOpen, false);hideFloorplan();

	</action>
	
	<action name="changeTitleKolorArea_floorPlanArea">
		js(invokePluginFunction(floorPlanArea, changeTitle, %1));
	</action>
	
	<action name="showKolorArea_floorPlanArea">
		set(ptplugin[floorPlanArea].isOpen, true);
		pauseautorotation(forceplugin);

		js(invokePluginFunction(floorPlanArea, showKolorArea, %1));
		events.dispatch(onremovedisplayedobject);
	</action>
		
	<action name="hideKolorArea_floorPlanArea">
		resumeautorotation(forceplugin);

		if(ptplugin[floorPlanArea].autorotateBlocked,if(tour_autorotation_openatstartplugin GT 0,dec(tour_autorotation_openatstartplugin);set(ptplugin[floorPlanArea].autorotateBlocked,false);););
		set(ptplugin[floorPlanArea].isOpen, false);
		js(invokePluginFunction(floorPlanArea, hideKolorArea, %1));
	</action>
	
	<events name="kolorAreaEvents_floorPlanArea" 
		keep="true"
	/>
	

<ptplugin name="socialShare" engine="kolorBox">
	<settings>
		<option name="position" value="center" type="string" />
		<option name="margin_x" value="50" type="int" />
		<option name="margin_y" value="50" type="int" />
		<option name="external_padding" value="15" type="int" />
		<option name="animate" value="false" type="bool" />
		<option name="draggable_box" value="false" type="bool" />
		<option name="container_auto_size" value="true" type="bool" />
		<option name="container_color" value="b73bff" type="string" />
		<option name="container_alpha" value="0.80000000000000004" type="float" />
		<option name="container_topleft_border_radius" value="15" type="int" />
		<option name="container_topright_border_radius" value="15" type="int" />
		<option name="container_bottomleft_border_radius" value="15" type="int" />
		<option name="container_bottomright_border_radius" value="15" type="int" />
		<option name="container_border_width" value="0" type="int" />
		<option name="container_border_color" value="bd07ff" type="string" />
		<option name="container_border_alpha" value="1" type="float" />
		<option name="overlay_displayed" value="true" type="bool" />
		<option name="overlay_color" value="1f7e89" type="string" />
		<option name="overlay_alpha" value="0.50000762951094835" type="float" />

		<option name="social_btn" value="google#reddit#vkontakte#email" type="string" />
		<option name="social_orientation" value="horizontal" type="string" />
		<option name="social_btn_size" value="64" type="int" />
		<option name="inner_margin" value="10" type="int" />
		
		
		<option name="title_displayed" value="false" type="bool" />
		<option name="caption_displayed" value="false" type="bool" />
		<option name="close_displayed" value="true" type="bool" />
		<option name="close_position" value="topright" type="string" />
		<option name="close_text" value="socialShareclose_text" type="string" />

		<option name="close_callback" value="invokeKrFunction('closeKolorBoxCallback_socialShare')" type="string" />
		<option name="zorder" value="7" type="int" />
		<option name="use_i18n" value="true" type="bool" />
	</settings>
	<internaldata>
		
	</internaldata>
</ptplugin>

<action name="kolorBoxJsReady_socialShare">
	set(ptplugin[socialShare].jsready, true);

</action>



<action name="showSocialShare_socialShare">
	ifnot(ptplugin[socialShare].isOpen,
		set(ptplugin[socialShare].isOpen, true);
		pauseautorotation(forceplugin);

			js(invokePluginFunction(socialShare, loadSingleArrayItem, social));
		events.dispatch(onremovedisplayedobject);
	);
</action>

<action name="toggleSocialShare_socialShare">
	js(invokePluginFunction(socialShare, toggleKolorBox, %1));
</action>


<action name="closeKolorBox_socialShare">
	js(invokePluginFunction(socialShare, closeKolorBox));
</action>

<action name="closeKolorBoxCallback_socialShare">
	resumeautorotation(forceplugin);

	
	set(ptplugin[socialShare].isOpen, false);
</action>

<action name="changeLanguage_socialShare">
	if(ptplugin[socialShare].jsready,
		js(invokePluginFunction(socialShare, changeLanguage));
	);
</action>

<events name="kolorBoxEvents_socialShare" 
	keep="true"
	onsharetour="showSocialShare_socialShare();" 
	
	
	changetourlanguage="changeLanguage_socialShare();"
	/>

<action name="setViewLittlePlanet">
	set(sceneisfull360, false);
	if(scene[get(xml.scene)].full360,
		sub(viewhfov, panoview.hmax, panoview.hmin);
		if (viewhfov == 360,
			sub(viewvfov, panoview.vmax, panoview.vmin);
			if (viewvfov == 180,
				set(sceneisfull360, true);
			);
		);
	);
	if (sceneisfull360 AND (device.webgl OR device.flash),
		if(normalViewActivated,stopSetViewTweens(););
		if(current_view_isflat === true,
			setViewNonFlat(VFOV);
		);
		setViewLittlePlanetComplete();
	);
</action>

<action name="setViewLittlePlanetComplete">
	set(backtonormalfirst,false);
	if(view.pannini GE 1.0, set(backtonormalfirst,true));
	if(view.stereographic == false, set(backtonormalfirst,true));
	if(backtonormalfirst, hideTooltip();tween(view.fisheye, 0.0 ,distance(1.0, 0.25), easeOutQuad, WAIT); );
	set(view.stereographic, true);
	set(view.fisheyefovlink, 1.5);
	tween(view.architectural, 0.0, 0.25);
	tween(view.vlookat, 90, distance(179, 1.50));
	tween(view.pannini, 0.0, distance(1.0, 0.75), easeOutQuad, if(panniniViewActivated,restoreViewFromPannini();););
	if(panoview.fovmax LE 150, set(view.fovmax, 150); , set(view.fovmax, get(panoview.fovmax)); );
	tween(view.fisheye, 1.0, distance(1.0, 0.75));
	tween(view.fov, 150, distance(179, 0.75));
</action>

<action name="viewControlMoveUp">
	if(%1,
		if(%2,
			set(isfullvertical, false);
			ifnot(scene[get(xml.scene)].planar,
				sub(viewvfov, panoview.vmax, panoview.vmin);
				if (viewvfov == 180,
					set(isfullvertical, true);
				);
			);
			if(isfullvertical == false AND calc(view.vlookat-%2) LT view.vlookatmin,
				moveto(get(view.hlookat), get(view.vlookatmin));
			,
				moveto(get(view.hlookat), calc(view.vlookat-%2));
			);
		,
			set(vlookat_moveforce, -1);
			delayedcall(0.1, viewControlMoveVertStop());
		);
	,
		set(vlookat_moveforce, -1);
	);
</action>
<action name="viewControlMoveDown">
	if(%1,
		if(%2,
			set(isfullvertical, false);
			ifnot(scene[get(xml.scene)].planar,
				sub(viewvfov, panoview.vmax, panoview.vmin);
				if (viewvfov == 180,
					set(isfullvertical, true);
				);
			);
			if(sceneisfull360 == false AND calc(view.vlookat+%2) GT view.vlookatmax,
				moveto(get(view.hlookat), get(view.vlookatmax));
			,
				moveto(get(view.hlookat), calc(view.vlookat+%2));
			);
		,
			set(vlookat_moveforce, +1);
			delayedcall(0.1, viewControlMoveVertStop());
		);
	,
		set(vlookat_moveforce, +1);
	);
</action>
<action name="viewControlMoveLeft">
	if(%1,
		if(%2,
			set(isfullhorizontal, false);
			ifnot(scene[get(xml.scene)].planar,
				sub(viewhfov, panoview.hmax, panoview.hmin);
				if (viewhfov == 360,
					set(isfullhorizontal, true);
				);
			);
			if(isfullhorizontal == false AND calc(view.hlookat-%2) LT view.hlookatmin,
				moveto(get(view.hlookatmin), get(view.vlookat));
			,
				moveto(calc(view.hlookat-%2), get(view.vlookat));
			);
		,
			set(hlookat_moveforce, -1);
			delayedcall(0.1, viewControlMoveHoriStop());
		);
	,
		set(hlookat_moveforce, -1);
	);
</action>
<action name="viewControlMoveRight">
	if(%1,
		if(%2,
			set(isfullhorizontal, false);
			ifnot(scene[get(xml.scene)].planar,
				sub(viewhfov, panoview.hmax, panoview.hmin);
				if (viewhfov == 360,
					set(isfullhorizontal, true);
				);
			);
			if(isfullhorizontal == false AND calc(view.hlookat+%2) GT view.hlookatmax,
				moveto(get(view.hlookatmax), get(view.vlookat));
			,
				moveto(calc(view.hlookat+%2), get(view.vlookat));
			);
		,
			set(hlookat_moveforce, +1);
			delayedcall(0.1, viewControlMoveHoriStop());
			
		);
	,
		set(hlookat_moveforce, +1);
	);
</action>
<action name="viewControlMoveHoriStop">
	set(hlookat_moveforce, 0);
</action>
<action name="viewControlMoveVertStop">
	set(vlookat_moveforce, 0);
</action>

<action name="viewControlZoomIn">
	if(%1,
		if(%2,
			if(%2 LT view.fovmin,
				zoomto(get(view.fovmin));
			,
				if(%2 LT view.fov,
					zoomto(%2);
				);
			);
		,
			set(fov_moveforce, -1);
			delayedcall(0.1, viewControlZoomStop());
		);
	,
		set(fov_moveforce, -1);
	);
</action>
<action name="viewControlZoomOut">
	if(%1,
		if(%2,
			if(%2 GT view.fovmax,
				zoomto(get(view.fovmax));
			,
				if(%2 GT view.fov,
					zoomto(%2);
				);
			);
		,
			set(fov_moveforce, +1);
			delayedcall(0.1, viewControlZoomStop());
		);
	,
		set(fov_moveforce, +1);
	);
</action>
<action name="viewControlZoomStop">
	set(fov_moveforce, 0);
</action>

  <action name="enableGyroscope">
    changeGyroscopeState(true);
  </action>
  <action name="disableGyroscope">
    changeGyroscopeState(false);
  </action>


  <action name="exitFullScreen" devices="fullscreensupport">set(tour_fullscreen,false);js(setFullscreen(false));</action>
  <action name="enterFullScreen" devices="fullscreensupport">set(tour_fullscreen,true);js(setFullscreen(true));</action>
  <action name="switchFullScreen">if(tour_fullscreen,exitFullScreen();,enterFullScreen(););</action>

  
  <events name="krpanoExitFullscreenEvent"
    onexitfullscreen="if(tour_fullscreen,exitFullScreenChangeEvent(););"
    keep="true" />

  <action name="exitFullScreenChangeEvent" devices="fullscreensupport">set(tour_fullscreen,false);events.dispatch(onexitfullscreen);</action>
  <action name="enterFullScreenChangeEvent" devices="fullscreensupport">set(tour_fullscreen,true);events.dispatch(onenterfullscreen);</action>
  <action name="exitFullScreenFallback">set(fullscreen,false);</action>
  <action name="enterFullScreenFallback">set(fullscreen,true);</action>
  
  <action name="resizeFullScreenEvent">delayedcall(0,updatescreen(););</action>

<action name="setViewNormal">
	stopSetViewTweens();
	if(current_view_isflat === true,
		setViewNonFlat(VFOV);
	);
	setViewNormalComplete();
</action>

<action name="setViewNormalComplete">
	set(view.fisheyefovlink, 0.5);
	set(view.fovmax, get(panoview.fovmax));
	tween(view.architectural, 0.0, distance(1.0, 0.45));
	tween(view.pannini, 0.0, distance(1.0, 0.45), easeOutQuad, if(panniniViewActivated,restoreViewFromPannini();););
	tween(view.vlookat, get(panoview.v), distance(90, 0.45));
	tween(view.fov, get(panoview.fov), distance(50, 0.45));
	tween(view.fisheye, 0.0, distance(1.0, 0.45),
		set(view.stereographic,false);
	);
</action>

<krpano normalViewActivated="true" />
<action name="stopSetViewTweens">
	stoptween(view.fov);
	stoptween(view.vlookat);
	stoptween(view.fisheye);
	stoptween(view.architectural);
	stoptween(view.pannini);
</action>

<action name="setViewArchitectural">
	if(normalViewActivated,stopSetViewTweens(););
	if(current_view_isflat === true,
		setViewNonFlat(VFOV);
	);
	setViewArchitecturalComplete();
</action>

<action name="setViewArchitecturalComplete">
	set(view.fovmax, get(panoview.fovmax));
	set(view.fisheyefovlink, 0.5);
	tween(view.architectural, 1.0, distance(1.0, 0.45));
	tween(view.pannini, 0.0, distance(1.0, 0.45), easeOutQuad, if(panniniViewActivated,restoreViewFromPannini();););
	tween(view.fisheye, 0.0, distance(1.0, 0.45), easeOutQuad, 
		set(view.stereographic,false);
		tween(view.vlookat, get(panoview.v), distance(90, 0.45));
	);
	tween(view.fov, get(panoview.fov), distance(50, 0.45));
</action>

  <action name="hideFloorplan">set(tour_displayfloorplan, false);events.dispatch(onhidetourfloorplan);</action>
  <action name="showFloorplan">set(tour_displayfloorplan, true); events.dispatch(onshowtourfloorplan);</action>


  <action name="hideTourControls">set(tour_displaycontrols, false);events.dispatch(hidetourcontrols);</action>
  <action name="showTourControls">set(tour_displaycontrols, true); events.dispatch(showtourcontrols);</action>


</krpano>